Date,Open,High,Low,Close,Adj  Close,Volume 
2017-12-24 02:59:59,8.1e-05,0.00014999,8.1e-05,0.00010071,0.00010071,1867567.0
2017-12-24 03:59:59,0.00010185,0.00013299,0.00010071,0.00010927,0.00010927,3704763.0
2017-12-24 04:59:59,0.00010939,0.00012604,0.00010451,0.00011899,0.00011899,2084596.0
2017-12-24 05:59:59,0.00011899,0.000146,0.00011899,0.00014301,0.00014301,2599909.0
2017-12-24 06:59:59,0.00014299,0.000146,0.000128,0.00012936,0.00012936,1562920.0
2017-12-24 07:59:59,0.00012936,0.00013636,0.00012237,0.00012726,0.00012726,1217500.0
2017-12-24 08:59:59,0.0001275,0.0001275,0.00011816,0.000127,0.000127,620262.0
2017-12-24 09:59:59,0.000127,0.00013785,0.00011785,0.0001245,0.0001245,914751.0
2017-12-24 10:59:59,0.00012204,0.0001262,0.00011785,0.000118,0.000118,348177.0
2017-12-24 11:59:59,0.0001181,0.000132,0.0001175,0.0001271,0.0001271,565642.0
2017-12-24 12:59:59,0.000127,0.00012702,0.0001173,0.000118,0.000118,349469.0
2017-12-24 13:59:59,0.00011901,0.000128,0.000118,0.0001205,0.0001205,405207.0
2017-12-24 14:59:59,0.00012299,0.0001278,0.00011983,0.00012237,0.00012237,310398.0
2017-12-24 15:59:59,0.00012274,0.00012399,0.00011974,0.00012,0.00012,231705.0
2017-12-24 16:59:59,0.00012,0.00012397,0.00012,0.0001221,0.0001221,244455.0
2017-12-24 17:59:59,0.00012214,0.00012349,0.00012001,0.00012018,0.00012018,323714.0
2017-12-24 18:59:59,0.00012024,0.0001319,0.0001196,0.00013002,0.00013002,444557.0
2017-12-24 19:59:59,0.00013001,0.00013512,0.00012253,0.00013499,0.00013499,602579.0
2017-12-24 20:59:59,0.00013498,0.000143,0.0001301,0.0001399,0.0001399,1182118.0
2017-12-24 21:59:59,0.0001399,0.000148,0.00013367,0.00013404,0.00013404,943221.0
2017-12-24 22:59:59,0.00013491,0.00014288,0.0001246,0.00013707,0.00013707,775813.0
2017-12-24 23:59:59,0.00013855,0.00014,0.00013023,0.00014,0.00014,358691.0
2017-12-25 00:59:59,0.00014,0.000141,0.0001351,0.00013818,0.00013818,473261.0
2017-12-25 01:59:59,0.00013799,0.000158,0.00013725,0.000152,0.000152,1172531.0
2017-12-25 02:59:59,0.00015297,0.000175,0.000152,0.0001605,0.0001605,3262299.0
2017-12-25 03:59:59,0.0001605,0.00016998,0.00015228,0.00016937,0.00016937,1264917.0
2017-12-25 04:59:59,0.000169,0.0001694,0.00015709,0.000165,0.000165,591166.0
2017-12-25 05:59:59,0.000165,0.00016515,0.000156,0.0001611,0.0001611,472216.0
2017-12-25 06:59:59,0.00016077,0.0001615,0.00015131,0.00015192,0.00015192,409138.0
2017-12-25 07:59:59,0.00015192,0.00015552,0.0001423,0.00014451,0.00014451,545435.0
2017-12-25 08:59:59,0.00014451,0.0001545,0.00013901,0.00014155,0.00014155,461360.0
2017-12-25 09:59:59,0.0001415,0.0001469,0.00013112,0.00013551,0.00013551,474953.0
2017-12-25 10:59:59,0.0001355,0.000147,0.00013251,0.00013438,0.00013438,445805.0
2017-12-25 11:59:59,0.00013438,0.000145,0.00013301,0.000137,0.000137,299525.0
2017-12-25 12:59:59,0.00013896,0.00014,0.0001355,0.00013555,0.00013555,279183.0
2017-12-25 13:59:59,0.00013555,0.000156,0.00013555,0.00015592,0.00015592,524465.0
2017-12-25 14:59:59,0.00015591,0.00015592,0.000143,0.00014776,0.00014776,491556.0
2017-12-25 15:59:59,0.00014583,0.0001515,0.00014,0.00014125,0.00014125,366753.0
2017-12-25 16:59:59,0.00014125,0.0001505,0.0001358,0.00014087,0.00014087,508996.0
2017-12-25 17:59:59,0.00014097,0.000148,0.00013776,0.000139,0.000139,271480.0
2017-12-25 18:59:59,0.000139,0.00013903,0.000132,0.00013501,0.00013501,212087.0
2017-12-25 19:59:59,0.00013499,0.0001425,0.000131,0.00013548,0.00013548,283040.0
2017-12-25 20:59:59,0.000135,0.00014,0.00012502,0.00012624,0.00012624,363367.0
2017-12-25 21:59:59,0.00012624,0.00013989,0.00012507,0.000126,0.000126,386722.0
2017-12-25 22:59:59,0.0001266,0.000129,0.000125,0.00012639,0.00012639,256335.0
2017-12-25 23:59:59,0.00012639,0.00012892,0.0001223,0.00012869,0.00012869,257782.0
2017-12-26 00:59:59,0.00012869,0.000132,0.000121,0.00012214,0.00012214,225681.0
2017-12-26 01:59:59,0.00012209,0.00012793,0.00011735,0.00011998,0.00011998,431407.0
2017-12-26 02:59:59,0.00011998,0.0001275,0.00010509,0.00011225,0.00011225,672098.0
2017-12-26 03:59:59,0.00011199,0.00011199,9.602e-05,0.00010296,0.00010296,941445.0
2017-12-26 04:59:59,0.00010224,0.00011143,9.8e-05,0.00010198,0.00010198,506234.0
2017-12-26 05:59:59,0.00010083,0.0001086,9.129e-05,0.00010625,0.00010625,783222.0
2017-12-26 06:59:59,0.00010507,0.00011832,0.000104,0.00011003,0.00011003,615013.0
2017-12-26 07:59:59,0.00011077,0.00011746,0.0001061,0.00010833,0.00010833,366584.0
2017-12-26 08:59:59,0.00010798,0.0001139,0.00010795,0.0001081,0.0001081,344442.0
2017-12-26 09:59:59,0.0001081,0.00011819,0.00010648,0.00011697,0.00011697,388073.0
2017-12-26 10:59:59,0.00011649,0.00011849,0.00011,0.00011145,0.00011145,658669.0
2017-12-26 11:59:59,0.00011173,0.000115,0.00010702,0.000113,0.000113,453875.0
2017-12-26 12:59:59,0.000113,0.0001145,9.651e-05,9.651e-05,9.651e-05,954640.0
2017-12-26 13:59:59,9.789e-05,0.00010101,9.4e-05,9.483e-05,9.483e-05,1069466.0
2017-12-26 14:59:59,9.437e-05,9.896e-05,9e-05,9.128e-05,9.128e-05,991013.0
2017-12-26 15:59:59,9.204e-05,9.9e-05,9.204e-05,9.805e-05,9.805e-05,273794.0
2017-12-26 16:59:59,9.776e-05,0.00010101,9.6e-05,9.779e-05,9.779e-05,602844.0
2017-12-26 17:59:59,9.771e-05,0.0001,9.615e-05,9.982e-05,9.982e-05,441125.0
2017-12-26 18:59:59,9.909e-05,0.000108,9.675e-05,0.000108,0.000108,321310.0
2017-12-26 19:59:59,0.00010789,0.0001081,0.0001,0.00010129,0.00010129,286885.0
2017-12-26 20:59:59,0.00010129,0.00010273,0.00010082,0.00010174,0.00010174,194807.0
2017-12-26 21:59:59,0.00010172,0.00011083,9.88e-05,0.000109,0.000109,562690.0
2017-12-26 22:59:59,0.00010899,0.00011111,9.361e-05,0.00010242,0.00010242,789638.0
2017-12-26 23:59:59,0.000101,0.000106,0.0001006,0.00010095,0.00010095,562993.0
2017-12-27 00:59:59,0.00010095,0.00010256,0.0001,0.00010077,0.00010077,167021.0
2017-12-27 01:59:59,0.00010077,0.000106,9.974e-05,0.00010061,0.00010061,274653.0
2017-12-27 02:59:59,0.00010131,0.00010131,9.373e-05,9.488e-05,9.488e-05,260219.0
2017-12-27 03:59:59,9.489e-05,9.799e-05,9.308e-05,9.554e-05,9.554e-05,426701.0
2017-12-27 04:59:59,9.58e-05,9.599e-05,9.1e-05,9.238e-05,9.238e-05,718819.0
2017-12-27 05:59:59,9.237e-05,0.000104,9.235e-05,9.593e-05,9.593e-05,774092.0
2017-12-27 06:59:59,9.725e-05,0.00010442,9.601e-05,0.000101,0.000101,409082.0
2017-12-27 07:59:59,0.00010202,0.00010296,9.75e-05,9.835e-05,9.835e-05,267292.0
2017-12-27 08:59:59,9.851e-05,0.00010581,9.758e-05,0.00010358,0.00010358,317189.0
2017-12-27 09:59:59,0.00010358,0.0001064,0.00010201,0.00010548,0.00010548,614825.0
2017-12-27 10:59:59,0.00010548,0.0001065,0.00010142,0.00010555,0.00010555,339051.0
2017-12-27 11:59:59,0.00010555,0.00011987,0.0001052,0.00011941,0.00011941,617165.0
2017-12-27 12:59:59,0.00011987,0.00011996,0.0001123,0.00011299,0.00011299,970226.0
2017-12-27 13:59:59,0.00011294,0.0001132,0.00010902,0.00011184,0.00011184,888945.0
2017-12-27 14:59:59,0.00011184,0.000113,0.00010903,0.00011113,0.00011113,634084.0
2017-12-27 15:59:59,0.00011113,0.000114,0.00010819,0.00011351,0.00011351,519933.0
2017-12-27 16:59:59,0.00011351,0.000124,0.0001126,0.00011875,0.00011875,428058.0
2017-12-27 17:59:59,0.00011848,0.0001386,0.00011848,0.00013747,0.00013747,1230313.0
2017-12-27 18:59:59,0.00013746,0.00013746,0.00012025,0.00013095,0.00013095,825733.0
2017-12-27 19:59:59,0.00013095,0.00013297,0.00012153,0.00012465,0.00012465,565483.0
2017-12-27 20:59:59,0.000125,0.00014401,0.00012465,0.0001359,0.0001359,1159944.0
2017-12-27 21:59:59,0.0001359,0.00013794,0.000123,0.00012303,0.00012303,430581.0
2017-12-27 22:59:59,0.000123,0.00012986,0.000122,0.00012884,0.00012884,519280.0
2017-12-27 23:59:59,0.000129,0.000129,0.00011511,0.000121,0.000121,423109.0
2017-12-28 00:59:59,0.00012063,0.00012063,0.00010576,0.00011086,0.00011086,694159.0
2017-12-28 01:59:59,0.00011086,0.00012375,0.00010718,0.00011998,0.00011998,638469.0
2017-12-28 02:59:59,0.00011914,0.00013,0.00011801,0.00012033,0.00012033,491899.0
2017-12-28 03:59:59,0.0001204,0.00012301,0.00011417,0.00011528,0.00011528,502235.0
2017-12-28 04:59:59,0.00011498,0.00012301,0.00011245,0.000119,0.000119,594727.0
2017-12-28 05:59:59,0.000119,0.00012083,0.0001169,0.00012019,0.00012019,411739.0
2017-12-28 06:59:59,0.00012,0.00012459,0.00011392,0.000116,0.000116,467496.0
2017-12-28 07:59:59,0.00011589,0.00011752,0.00011001,0.00011392,0.00011392,482274.0
2017-12-28 08:59:59,0.00011338,0.00011599,0.00011125,0.00011252,0.00011252,695831.0
2017-12-28 09:59:59,0.00011286,0.00011499,0.00011113,0.00011226,0.00011226,584166.0
2017-12-28 10:59:59,0.00011226,0.00011739,0.00011197,0.00011505,0.00011505,411299.0
2017-12-28 11:59:59,0.00011512,0.00011629,0.000113,0.00011408,0.00011408,262856.0
2017-12-28 12:59:59,0.00011399,0.00011621,0.00011302,0.00011494,0.00011494,194369.0
2017-12-28 13:59:59,0.00011509,0.00012358,0.00011494,0.000119,0.000119,530518.0
2017-12-28 14:59:59,0.00011911,0.00011911,0.00011301,0.00011391,0.00011391,379005.0
2017-12-28 15:59:59,0.00011449,0.00011887,0.00011141,0.00011368,0.00011368,294866.0
2017-12-28 16:59:59,0.00011369,0.000126,0.00011256,0.00011602,0.00011602,673180.0
2017-12-28 17:59:59,0.00011602,0.00011934,0.00011602,0.00011627,0.00011627,240967.0
2017-12-28 18:59:59,0.00011627,0.00011703,0.000114,0.00011568,0.00011568,178407.0
2017-12-28 19:59:59,0.00011568,0.00011703,0.000115,0.00011663,0.00011663,245460.0
2017-12-28 20:59:59,0.0001165,0.00012702,0.00011644,0.00012499,0.00012499,597594.0
2017-12-28 21:59:59,0.0001215,0.00012698,0.00011819,0.0001185,0.0001185,418912.0
2017-12-28 22:59:59,0.00011815,0.00012779,0.00011602,0.00012239,0.00012239,415708.0
2017-12-28 23:59:59,0.00012342,0.0001265,0.00012019,0.0001223,0.0001223,536357.0
2017-12-29 00:59:59,0.0001223,0.00012339,0.00011802,0.00012199,0.00012199,357993.0
2017-12-29 01:59:59,0.00012147,0.00012499,0.00011962,0.00012391,0.00012391,305841.0
2017-12-29 02:59:59,0.00012441,0.0001275,0.00011711,0.00011902,0.00011902,387040.0
2017-12-29 03:59:59,0.00011902,0.00012141,0.0001178,0.00011938,0.00011938,368288.0
2017-12-29 04:59:59,0.00011949,0.00012,0.00011502,0.00011569,0.00011569,602754.0
2017-12-29 05:59:59,0.00011569,0.0001185,0.00011567,0.00011742,0.00011742,357575.0
2017-12-29 06:59:59,0.00011794,0.00011797,0.00011652,0.00011724,0.00011724,222622.0
2017-12-29 07:59:59,0.0001171,0.00011724,0.00011445,0.00011476,0.00011476,277351.0
2017-12-29 08:59:59,0.00011477,0.00011533,0.000114,0.000114,0.000114,460082.0
2017-12-29 09:59:59,0.00011406,0.00011478,0.000113,0.000114,0.000114,587731.0
2017-12-29 10:59:59,0.00011408,0.00011785,0.0001128,0.00011493,0.00011493,689074.0
2017-12-29 11:59:59,0.00011499,0.00011749,0.00011441,0.00011519,0.00011519,550331.0
2017-12-29 12:59:59,0.0001151,0.00011561,0.00011441,0.0001156,0.0001156,415746.0
2017-12-29 13:59:59,0.0001156,0.00011956,0.00011558,0.00011798,0.00011798,409842.0
2017-12-29 14:59:59,0.0001182,0.00011901,0.000115,0.00011526,0.00011526,483571.0
2017-12-29 15:59:59,0.00011523,0.0001167,0.00011523,0.0001166,0.0001166,207370.0
2017-12-29 16:59:59,0.0001166,0.0001193,0.00011614,0.00011645,0.00011645,528747.0
2017-12-29 17:59:59,0.00011645,0.00011995,0.00011616,0.00011796,0.00011796,228882.0
2017-12-29 18:59:59,0.000118,0.00012027,0.00011781,0.00011871,0.00011871,269216.0
2017-12-29 19:59:59,0.00011871,0.00011871,0.00011611,0.00011635,0.00011635,156480.0
2017-12-29 20:59:59,0.00011635,0.00011899,0.00011612,0.00011866,0.00011866,452057.0
2017-12-29 21:59:59,0.00011887,0.00011899,0.00011626,0.00011626,0.00011626,272631.0
2017-12-29 22:59:59,0.00011675,0.00011742,0.00011479,0.000115,0.000115,369785.0
2017-12-29 23:59:59,0.00011493,0.00011742,0.00011335,0.00011495,0.00011495,514791.0
2017-12-30 00:59:59,0.00011493,0.00011661,0.00011366,0.00011602,0.00011602,473029.0
2017-12-30 01:59:59,0.00011602,0.000118,0.00011359,0.00011409,0.00011409,497415.0
2017-12-30 02:59:59,0.00011393,0.0001149,0.00011025,0.00011427,0.00011427,536460.0
2017-12-30 03:59:59,0.00011374,0.00011427,0.000111,0.00011354,0.00011354,334676.0
2017-12-30 04:59:59,0.00011399,0.00011459,0.00011265,0.00011362,0.00011362,115190.0
2017-12-30 05:59:59,0.00011362,0.00011411,0.00011255,0.00011366,0.00011366,253496.0
2017-12-30 06:59:59,0.0001134,0.0001146,0.0001125,0.00011429,0.00011429,348488.0
2017-12-30 07:59:59,0.00011415,0.0001146,0.00011276,0.00011392,0.00011392,193637.0
2017-12-30 08:59:59,0.00011392,0.00011703,0.00011392,0.0001154,0.0001154,341444.0
2017-12-30 09:59:59,0.00011507,0.00011681,0.00011458,0.00011458,0.00011458,338441.0
2017-12-30 10:59:59,0.00011458,0.00011483,0.0001089,0.00010917,0.00010917,483085.0
2017-12-30 11:59:59,0.00010917,0.0001122,0.00010828,0.00011076,0.00011076,230472.0
2017-12-30 12:59:59,0.00011099,0.00011249,0.00011055,0.00011179,0.00011179,340406.0
2017-12-30 13:59:59,0.00011169,0.0001161,0.00011104,0.00011165,0.00011165,278810.0
2017-12-30 14:59:59,0.00011209,0.00011679,0.00011019,0.00011045,0.00011045,523044.0
2017-12-30 15:59:59,0.00011045,0.00011297,0.00010991,0.00011025,0.00011025,280326.0
2017-12-30 16:59:59,0.00011041,0.00011198,0.00011,0.00011173,0.00011173,187442.0
2017-12-30 17:59:59,0.00011174,0.00011543,0.00011115,0.00011141,0.00011141,108615.0
2017-12-30 18:59:59,0.00011139,0.00011543,0.00011113,0.00011414,0.00011414,68435.0
2017-12-30 19:59:59,0.00011413,0.000119,0.00011298,0.00011583,0.00011583,218006.0
2017-12-30 20:59:59,0.0001156,0.00011845,0.00011339,0.00011613,0.00011613,216201.0
2017-12-30 21:59:59,0.00011613,0.00011665,0.000114,0.00011496,0.00011496,190010.0
2017-12-30 22:59:59,0.00011428,0.00011586,0.00011339,0.00011472,0.00011472,148727.0
2017-12-30 23:59:59,0.00011536,0.00012222,0.0001148,0.00011964,0.00011964,482272.0
2017-12-31 00:59:59,0.00011964,0.00012222,0.00011878,0.00011889,0.00011889,348246.0
2017-12-31 01:59:59,0.00011882,0.00012317,0.00011839,0.00012165,0.00012165,350501.0
2017-12-31 02:59:59,0.00012157,0.00012317,0.00012157,0.0001219,0.0001219,565922.0
2017-12-31 03:59:59,0.00012187,0.00012235,0.00011799,0.00011887,0.00011887,425269.0
2017-12-31 04:59:59,0.000119,0.00011979,0.0001155,0.00011705,0.00011705,338955.0
2017-12-31 05:59:59,0.00011705,0.00012224,0.00011681,0.00012059,0.00012059,635600.0
2017-12-31 06:59:59,0.00012032,0.00012379,0.00011987,0.00012035,0.00012035,650280.0
2017-12-31 07:59:59,0.0001204,0.00012169,0.00012031,0.00012113,0.00012113,223062.0
2017-12-31 08:59:59,0.000121,0.00012169,0.00011914,0.00011943,0.00011943,228242.0
2017-12-31 09:59:59,0.00011968,0.00011973,0.00011678,0.00011883,0.00011883,250402.0
2017-12-31 10:59:59,0.0001191,0.00011973,0.00011711,0.00011854,0.00011854,504923.0
2017-12-31 11:59:59,0.00011923,0.00012398,0.00011873,0.00012362,0.00012362,385276.0
2017-12-31 12:59:59,0.00012386,0.00012399,0.00011907,0.00011996,0.00011996,433326.0
2017-12-31 13:59:59,0.00011996,0.0001225,0.00011923,0.00012,0.00012,435906.0
2017-12-31 14:59:59,0.00012011,0.00012057,0.000115,0.00011635,0.00011635,419168.0
2017-12-31 15:59:59,0.00011675,0.00011962,0.00011655,0.00011705,0.00011705,426224.0
2017-12-31 16:59:59,0.00011738,0.00011962,0.00011609,0.00011736,0.00011736,431761.0
2017-12-31 17:59:59,0.00011732,0.00011843,0.00011673,0.00011726,0.00011726,239248.0
2017-12-31 18:59:59,0.00011794,0.00012196,0.00011726,0.00011922,0.00011922,310361.0
2017-12-31 19:59:59,0.00011906,0.00012078,0.00011833,0.0001191,0.0001191,156469.0
2017-12-31 20:59:59,0.00011955,0.00012198,0.00011913,0.0001206,0.0001206,201321.0
2017-12-31 21:59:59,0.00012063,0.0001222,0.00011871,0.00012097,0.00012097,99307.0
2017-12-31 22:59:59,0.00012102,0.00013,0.00012102,0.00012868,0.00012868,481493.0
2017-12-31 23:59:59,0.00012836,0.00013799,0.00012581,0.00012877,0.00012877,792390.0
2018-01-01 00:59:59,0.00012877,0.00013106,0.0001248,0.00012901,0.00012901,564301.0
2018-01-01 01:59:59,0.00012918,0.00012937,0.000126,0.00012644,0.00012644,521244.0
2018-01-01 02:59:59,0.00012625,0.000128,0.0001255,0.00012726,0.00012726,553947.0
2018-01-01 03:59:59,0.00012728,0.00012762,0.0001208,0.00012361,0.00012361,407687.0
2018-01-01 04:59:59,0.00012361,0.00012491,0.00012131,0.00012362,0.00012362,446773.0
2018-01-01 05:59:59,0.00012387,0.00012499,0.00012096,0.00012216,0.00012216,279606.0
2018-01-01 06:59:59,0.00012216,0.00013189,0.00012201,0.00012398,0.00012398,249714.0
2018-01-01 07:59:59,0.00012376,0.00012504,0.00012251,0.00012469,0.00012469,120327.0
2018-01-01 08:59:59,0.00012452,0.00012671,0.00012452,0.00012652,0.00012652,191072.0
2018-01-01 09:59:59,0.00012652,0.0001285,0.0001245,0.00012485,0.00012485,471610.0
2018-01-01 10:59:59,0.00012492,0.00012844,0.00012485,0.00012598,0.00012598,125287.0
2018-01-01 11:59:59,0.0001261,0.00012642,0.00012525,0.00012553,0.00012553,226647.0
2018-01-01 12:59:59,0.00012568,0.00012708,0.00012486,0.00012591,0.00012591,342845.0
2018-01-01 13:59:59,0.00012591,0.00012758,0.00012328,0.00012474,0.00012474,323427.0
2018-01-01 14:59:59,0.00012526,0.00012598,0.0001232,0.00012408,0.00012408,163175.0
2018-01-01 15:59:59,0.00012407,0.00013299,0.00012406,0.00012555,0.00012555,715698.0
2018-01-01 16:59:59,0.00012559,0.00012749,0.00012323,0.0001269,0.0001269,533134.0
2018-01-01 17:59:59,0.0001269,0.000128,0.00012297,0.0001246,0.0001246,268919.0
2018-01-01 18:59:59,0.00012535,0.00012674,0.000124,0.00012577,0.00012577,435936.0
2018-01-01 19:59:59,0.00012555,0.00012671,0.00012357,0.00012395,0.00012395,219131.0
2018-01-01 20:59:59,0.00012417,0.00013299,0.00012382,0.00012831,0.00012831,156104.0
2018-01-01 21:59:59,0.00012826,0.00013297,0.0001252,0.0001304,0.0001304,148234.0
2018-01-01 22:59:59,0.00013009,0.0001325,0.00012784,0.0001325,0.0001325,415391.0
2018-01-01 23:59:59,0.00013201,0.000136,0.0001275,0.0001322,0.0001322,360633.0
2018-01-02 00:59:59,0.00013256,0.000133,0.000128,0.00013077,0.00013077,686379.0
2018-01-02 01:59:59,0.00013077,0.0001313,0.00012617,0.00012851,0.00012851,332303.0
2018-01-02 02:59:59,0.00012873,0.00013062,0.00012841,0.00013038,0.00013038,697036.0
2018-01-02 03:59:59,0.00013038,0.00013283,0.00012842,0.00013282,0.00013282,530633.0
2018-01-02 04:59:59,0.00013285,0.000135,0.00013045,0.00013118,0.00013118,285827.0
2018-01-02 05:59:59,0.00013119,0.00013309,0.0001301,0.00013139,0.00013139,284484.0
2018-01-02 06:59:59,0.00013024,0.00013153,0.00012617,0.00012888,0.00012888,502826.0
2018-01-02 07:59:59,0.00012888,0.00013094,0.00012629,0.00012956,0.00012956,246085.0
2018-01-02 08:59:59,0.00012957,0.00013017,0.00012838,0.00013003,0.00013003,395131.0
2018-01-02 09:59:59,0.00013003,0.000132,0.00012842,0.0001291,0.0001291,220452.0
2018-01-02 10:59:59,0.00012898,0.00013198,0.00012839,0.00013103,0.00013103,456196.0
2018-01-02 11:59:59,0.00013115,0.000132,0.00013,0.00013092,0.00013092,506408.0
2018-01-02 12:59:59,0.00013091,0.00013197,0.00013,0.00013031,0.00013031,246964.0
2018-01-02 13:59:59,0.00013032,0.000131,0.00013,0.00013038,0.00013038,298596.0
2018-01-02 14:59:59,0.0001304,0.0001304,0.00012759,0.00012852,0.00012852,225263.0
2018-01-02 15:59:59,0.00012826,0.00012901,0.00012521,0.00012893,0.00012893,186744.0
2018-01-02 16:59:59,0.00012802,0.00012893,0.00011305,0.0001157,0.0001157,656558.0
2018-01-02 17:59:59,0.00011566,0.00011811,0.000106,0.00011478,0.00011478,596290.0
2018-01-02 18:59:59,0.00011411,0.000115,0.000106,0.00011452,0.00011452,370041.0
2018-01-02 19:59:59,0.00011454,0.00011678,0.00011109,0.00011519,0.00011519,298399.0
2018-01-02 20:59:59,0.00011519,0.00011792,0.00011253,0.000116,0.000116,410600.0
2018-01-02 21:59:59,0.000116,0.00011642,0.00011122,0.00011454,0.00011454,357030.0
2018-01-02 22:59:59,0.00011456,0.00011955,0.00011383,0.00011591,0.00011591,297888.0
2018-01-02 23:59:59,0.00011575,0.00012147,0.000114,0.00011563,0.00011563,567388.0
2018-01-03 00:59:59,0.00011517,0.00011899,0.00011517,0.00011667,0.00011667,531689.0
2018-01-03 01:59:59,0.0001166,0.00011685,0.0001133,0.000116,0.000116,669020.0
2018-01-03 02:59:59,0.00011616,0.00011634,0.00011393,0.00011438,0.00011438,190877.0
2018-01-03 03:59:59,0.00011444,0.000115,0.00011294,0.00011394,0.00011394,291786.0
2018-01-03 04:59:59,0.00011426,0.00011473,0.00011121,0.00011173,0.00011173,229069.0
2018-01-03 05:59:59,0.00011172,0.00011365,0.00010902,0.00011202,0.00011202,221298.0
2018-01-03 06:59:59,0.00011244,0.000115,0.00011173,0.0001142,0.0001142,154684.0
2018-01-03 07:59:59,0.0001139,0.000119,0.0001139,0.00011725,0.00011725,177936.0
2018-01-03 08:59:59,0.00011724,0.00011758,0.00011501,0.00011512,0.00011512,480002.0
2018-01-03 09:59:59,0.00011559,0.0001222,0.00011513,0.00012118,0.00012118,398379.0
2018-01-03 10:59:59,0.00012149,0.00012175,0.00011789,0.0001192,0.0001192,207570.0
2018-01-03 11:59:59,0.0001192,0.00011999,0.00011604,0.000118,0.000118,310261.0
2018-01-03 12:59:59,0.000118,0.00012166,0.00011611,0.0001186,0.0001186,483605.0
2018-01-03 13:59:59,0.00011849,0.00012026,0.00011675,0.00011995,0.00011995,459807.0
2018-01-03 14:59:59,0.00012,0.00013201,0.00011949,0.00013201,0.00013201,755254.0
2018-01-03 15:59:59,0.00013201,0.00013303,0.0001229,0.00013102,0.00013102,358210.0
2018-01-03 16:59:59,0.000131,0.00013312,0.00012852,0.00013169,0.00013169,501998.0
2018-01-03 17:59:59,0.00013169,0.00013315,0.00012953,0.0001329,0.0001329,353947.0
2018-01-03 18:59:59,0.00013267,0.00013283,0.0001273,0.0001288,0.0001288,421737.0
2018-01-03 19:59:59,0.0001288,0.00013034,0.00012718,0.0001283,0.0001283,295248.0
2018-01-03 20:59:59,0.0001283,0.00013237,0.00012782,0.00013221,0.00013221,225235.0
2018-01-03 21:59:59,0.00013221,0.00013317,0.00012731,0.00012765,0.00012765,461274.0
2018-01-03 22:59:59,0.00012858,0.00013948,0.00012765,0.0001375,0.0001375,665674.0
2018-01-03 23:59:59,0.00013701,0.0001562,0.00013701,0.00014478,0.00014478,1264845.0
2018-01-04 00:59:59,0.00014582,0.00015488,0.000137,0.00015375,0.00015375,755530.0
2018-01-04 01:00:17,0.0001534,0.00015377,0.0001534,0.0001535,0.0001535,1864.0
2018-01-04 03:59:59,0.0001535,0.000157,0.00014592,0.00015356,0.00015356,530428.0
2018-01-04 04:59:59,0.00015355,0.0001645,0.00015321,0.00016,0.00016,976080.0
2018-01-04 05:59:59,0.00015844,0.00016424,0.00015526,0.0001599,0.0001599,532884.0
2018-01-04 06:59:59,0.00015998,0.00015999,0.00014926,0.0001525,0.0001525,482477.0
2018-01-04 07:59:59,0.00015316,0.000156,0.00014701,0.00015151,0.00015151,316810.0
2018-01-04 08:59:59,0.00015174,0.00015866,0.00015145,0.00015855,0.00015855,382348.0
2018-01-04 09:59:59,0.00015855,0.00016288,0.00015566,0.00015935,0.00015935,355014.0
2018-01-04 10:59:59,0.00015909,0.000178,0.00015909,0.00017505,0.00017505,473073.0
2018-01-04 11:59:59,0.00017505,0.000185,0.00017402,0.00018159,0.00018159,506222.0
2018-01-04 12:59:59,0.000182,0.000182,0.00016601,0.00017554,0.00017554,531994.0
2018-01-04 13:59:59,0.00017555,0.00017555,0.00016485,0.00017044,0.00017044,427156.0
2018-01-04 14:59:59,0.0001714,0.000172,0.0001622,0.00016777,0.00016777,866386.0
2018-01-04 15:59:59,0.00016778,0.000178,0.00016,0.00017404,0.00017404,300605.0
2018-01-04 16:59:59,0.00017404,0.00017609,0.00016,0.00017189,0.00017189,420812.0
2018-01-04 17:59:59,0.00017189,0.00017799,0.000166,0.00016652,0.00016652,456621.0
2018-01-04 18:59:59,0.00016723,0.00017001,0.00015381,0.00015936,0.00015936,835597.0
2018-01-04 19:59:59,0.00015937,0.00016425,0.0001535,0.00016246,0.00016246,341894.0
2018-01-04 20:59:59,0.00016246,0.00016416,0.00016,0.00016098,0.00016098,179269.0
2018-01-04 21:59:59,0.00016098,0.00016165,0.00015012,0.00015096,0.00015096,254303.0
2018-01-04 22:59:59,0.00015012,0.00016012,0.00014893,0.00016012,0.00016012,164591.0
2018-01-04 23:59:59,0.00015903,0.00016165,0.00014898,0.00015181,0.00015181,374350.0
2018-01-05 00:59:59,0.00015172,0.0001595,0.00014921,0.0001595,0.0001595,532383.0
2018-01-05 01:59:59,0.00015437,0.00016395,0.00015121,0.00016292,0.00016292,428422.0
2018-01-05 02:59:59,0.00016393,0.000173,0.00016192,0.00016907,0.00016907,625282.0
2018-01-05 03:59:59,0.00017281,0.00018078,0.00016559,0.0001805,0.0001805,399300.0
2018-01-05 04:59:59,0.0001805,0.0002098,0.00017601,0.00019012,0.00019012,724719.0
2018-01-05 05:59:59,0.00019012,0.000199,0.00017931,0.00019197,0.00019197,481839.0
2018-01-05 06:59:59,0.00019016,0.00019298,0.00016209,0.00016209,0.00016209,466671.0
2018-01-05 07:59:59,0.00016398,0.000172,0.00014664,0.00015235,0.00015235,774138.0
2018-01-05 08:59:59,0.00015236,0.00016595,0.000142,0.00014473,0.00014473,261815.0
2018-01-05 09:59:59,0.00014421,0.00015875,0.00014415,0.00015373,0.00015373,200509.0
2018-01-05 10:59:59,0.00015338,0.00017955,0.000152,0.00016985,0.00016985,420362.0
2018-01-05 11:59:59,0.00016985,0.00017289,0.00016,0.00016294,0.00016294,221253.0
2018-01-05 12:59:59,0.00016294,0.00016634,0.000155,0.00015844,0.00015844,316037.0
2018-01-05 13:59:59,0.00015859,0.00015859,0.00015501,0.00015859,0.00015859,367080.0
2018-01-05 14:59:59,0.000158,0.00017,0.00014627,0.00014752,0.00014752,277670.0
2018-01-05 15:59:59,0.00014804,0.000171,0.0001351,0.00015996,0.00015996,547942.0
2018-01-05 16:59:59,0.00015994,0.00018721,0.000155,0.0001769,0.0001769,559418.0
2018-01-05 17:59:59,0.00017451,0.00019084,0.00017253,0.00018594,0.00018594,603900.0
2018-01-05 18:59:59,0.00018594,0.0001922,0.00018227,0.00018461,0.00018461,828067.0
2018-01-05 19:59:59,0.00018461,0.00018769,0.00017303,0.00017741,0.00017741,456487.0
2018-01-05 20:59:59,0.00017798,0.00018048,0.00017205,0.00017824,0.00017824,276469.0
2018-01-05 21:59:59,0.00017818,0.00018,0.0001684,0.00017599,0.00017599,459704.0
2018-01-05 22:59:59,0.00017598,0.00018198,0.00017002,0.00017588,0.00017588,361902.0
2018-01-05 23:59:59,0.0001751,0.00019,0.00017445,0.00017805,0.00017805,524231.0
2018-01-06 00:59:59,0.00017606,0.00017896,0.00016251,0.0001719,0.0001719,318922.0
2018-01-06 01:59:59,0.00017299,0.00017299,0.00016403,0.00017051,0.00017051,291422.0
2018-01-06 02:59:59,0.00017047,0.0001775,0.0001679,0.00016871,0.00016871,354717.0
2018-01-06 03:59:59,0.00017315,0.00018649,0.00017121,0.00018278,0.00018278,474826.0
2018-01-06 04:59:59,0.00018292,0.00018748,0.00017661,0.00018748,0.00018748,486943.0
2018-01-06 05:59:59,0.00018739,0.0001875,0.00017661,0.00017814,0.00017814,542197.0
2018-01-06 06:59:59,0.00017832,0.00017861,0.000167,0.00017262,0.00017262,726712.0
2018-01-06 07:59:59,0.00017261,0.00017391,0.00016153,0.00016802,0.00016802,765155.0
2018-01-06 08:59:59,0.00016766,0.00017484,0.000167,0.00017476,0.00017476,507696.0
2018-01-06 09:59:59,0.00017474,0.000185,0.00017101,0.00018228,0.00018228,422210.0
2018-01-06 10:59:59,0.0001823,0.00018283,0.00017051,0.00017766,0.00017766,256672.0
2018-01-06 11:59:59,0.00017788,0.00018192,0.00017304,0.00017474,0.00017474,419111.0
2018-01-06 12:59:59,0.00017437,0.00017846,0.00017404,0.00017608,0.00017608,183230.0
2018-01-06 13:59:59,0.00017663,0.00019537,0.00017563,0.00018312,0.00018312,509250.0
2018-01-06 14:59:59,0.00018367,0.000199,0.00018311,0.00019889,0.00019889,429133.0
2018-01-06 15:59:59,0.00019888,0.0002051,0.00019,0.00019038,0.00019038,523638.0
2018-01-06 16:59:59,0.00019039,0.00020065,0.00018501,0.00019398,0.00019398,755204.0
2018-01-06 17:59:59,0.00019397,0.00019529,0.0001818,0.0001884,0.0001884,334980.0
2018-01-06 18:59:59,0.00018796,0.00018841,0.000181,0.00018595,0.00018595,285940.0
2018-01-06 19:59:59,0.00018596,0.00019529,0.00018595,0.000192,0.000192,618695.0
2018-01-06 20:59:59,0.00019116,0.0001998,0.000175,0.00017847,0.00017847,441402.0
2018-01-06 21:59:59,0.00017672,0.00018393,0.00017436,0.0001788,0.0001788,333616.0
2018-01-06 22:59:59,0.00017846,0.00018794,0.00017717,0.00018,0.00018,333388.0
2018-01-06 23:59:59,0.00018,0.00018075,0.00017501,0.00017699,0.00017699,200207.0
2018-01-07 00:59:59,0.00017666,0.00018498,0.00017536,0.00018426,0.00018426,311591.0
2018-01-07 01:59:59,0.00018426,0.00018815,0.0001801,0.00018614,0.00018614,397898.0
2018-01-07 02:59:59,0.00018641,0.00018688,0.00017909,0.00018337,0.00018337,691094.0
2018-01-07 03:59:59,0.00018339,0.00019428,0.00018178,0.00019134,0.00019134,305330.0
2018-01-07 04:59:59,0.00019133,0.00019199,0.00018401,0.00018896,0.00018896,242376.0
2018-01-07 05:59:59,0.00018896,0.00019225,0.0001872,0.00019078,0.00019078,384830.0
2018-01-07 06:59:59,0.00019077,0.000193,0.0001889,0.00019,0.00019,239425.0
2018-01-07 07:59:59,0.00019024,0.00019594,0.00018901,0.00019594,0.00019594,333006.0
2018-01-07 08:59:59,0.00019594,0.0002,0.0001944,0.0002,0.0002,355682.0
2018-01-07 09:59:59,0.0001999,0.00020455,0.00019576,0.00019998,0.00019998,553122.0
2018-01-07 10:59:59,0.00020005,0.00020005,0.00019212,0.00019461,0.00019461,347164.0
2018-01-07 11:59:59,0.00019461,0.00019462,0.00018815,0.00019102,0.00019102,625631.0
2018-01-07 12:59:59,0.00019081,0.00019279,0.0001896,0.00019194,0.00019194,460951.0
2018-01-07 13:59:59,0.00019148,0.00019799,0.00019091,0.00019799,0.00019799,242629.0
2018-01-07 14:59:59,0.00019769,0.00020012,0.00019497,0.00019952,0.00019952,538536.0
2018-01-07 15:59:59,0.00019979,0.0001999,0.00019343,0.00019405,0.00019405,383511.0
2018-01-07 16:59:59,0.00019405,0.00019415,0.000189,0.00019395,0.00019395,494388.0
2018-01-07 17:59:59,0.00019256,0.0002,0.00019256,0.0001965,0.0001965,200173.0
2018-01-07 18:59:59,0.00019719,0.00020498,0.00019703,0.00020336,0.00020336,222945.0
2018-01-07 19:59:59,0.00020324,0.000205,0.00020001,0.00020428,0.00020428,292272.0
2018-01-07 20:59:59,0.00020427,0.00020427,0.00018838,0.00019441,0.00019441,216259.0
2018-01-07 21:59:59,0.00019502,0.0002021,0.00019116,0.00019875,0.00019875,191470.0
2018-01-07 22:59:59,0.00019915,0.00019997,0.000182,0.00019581,0.00019581,394901.0
2018-01-07 23:59:59,0.00019581,0.00019729,0.0001908,0.00019461,0.00019461,545701.0
2018-01-08 00:59:59,0.0001946,0.00019771,0.0001825,0.00019,0.00019,345372.0
2018-01-08 01:59:59,0.00019,0.00019381,0.00018822,0.00019211,0.00019211,449162.0
2018-01-08 02:59:59,0.00019207,0.00019326,0.00019,0.00019231,0.00019231,180967.0
2018-01-08 03:59:59,0.00019239,0.00019239,0.00018502,0.00018719,0.00018719,313772.0
2018-01-08 04:59:59,0.00018719,0.00018744,0.00017777,0.00018699,0.00018699,466814.0
2018-01-08 05:59:59,0.00018699,0.000187,0.00018,0.00018178,0.00018178,288082.0
2018-01-08 06:59:59,0.00018176,0.00018255,0.00017751,0.00018009,0.00018009,320419.0
2018-01-08 07:59:59,0.00017923,0.00018317,0.00017922,0.0001827,0.0001827,148861.0
2018-01-08 08:59:59,0.00018271,0.00018428,0.0001795,0.00018005,0.00018005,248209.0
2018-01-08 09:59:59,0.00018047,0.00018204,0.00017854,0.00018152,0.00018152,523886.0
2018-01-08 10:59:59,0.00018164,0.000185,0.00018102,0.00018252,0.00018252,96409.0
2018-01-08 11:59:59,0.00018229,0.000183,0.00017316,0.00017629,0.00017629,468064.0
2018-01-08 12:59:59,0.00017598,0.00017631,0.00016688,0.00016725,0.00016725,514057.0
2018-01-08 13:59:59,0.0001675,0.00017918,0.00016,0.000176,0.000176,416558.0
2018-01-08 14:59:59,0.000176,0.00018577,0.00017576,0.00018577,0.00018577,406425.0
2018-01-08 15:59:59,0.00018577,0.00018749,0.00017907,0.00018075,0.00018075,311523.0
2018-01-08 16:59:59,0.00018079,0.00018891,0.00018077,0.00018584,0.00018584,196887.0
2018-01-08 17:59:59,0.00018636,0.0001901,0.00018532,0.00019,0.00019,459749.0
2018-01-08 18:59:59,0.00019004,0.00019082,0.0001874,0.00018793,0.00018793,443765.0
2018-01-08 19:59:59,0.00018793,0.00019219,0.00018742,0.00019149,0.00019149,613959.0
2018-01-08 20:59:59,0.00019136,0.00019257,0.00018532,0.00018744,0.00018744,285599.0
2018-01-08 21:59:59,0.0001871,0.0001929,0.00018541,0.00018999,0.00018999,236514.0
2018-01-08 22:59:59,0.00018957,0.00019188,0.00018453,0.00019188,0.00019188,165325.0
2018-01-08 23:59:59,0.0001918,0.00019243,0.00017751,0.00018287,0.00018287,176735.0
2018-01-09 00:59:59,0.00018277,0.00018655,0.0001811,0.00018562,0.00018562,172585.0
2018-01-09 01:59:59,0.00018526,0.00018566,0.00018113,0.00018324,0.00018324,188098.0
2018-01-09 02:59:59,0.00018301,0.00018325,0.00017676,0.000179,0.000179,502855.0
2018-01-09 03:59:59,0.00017893,0.00017928,0.0001761,0.00017641,0.00017641,278998.0
2018-01-09 04:59:59,0.00017634,0.00018013,0.000175,0.00017555,0.00017555,575279.0
2018-01-09 05:59:59,0.00017573,0.00017755,0.000175,0.0001769,0.0001769,548299.0
2018-01-09 06:59:59,0.0001769,0.00017754,0.0001751,0.00017544,0.00017544,428052.0
2018-01-09 07:59:59,0.00017544,0.00017664,0.000172,0.0001733,0.0001733,427641.0
2018-01-09 08:59:59,0.00017373,0.00017626,0.0001722,0.00017241,0.00017241,375176.0
2018-01-09 09:59:59,0.00017241,0.00017966,0.00017225,0.00017735,0.00017735,432940.0
2018-01-09 10:59:59,0.00017737,0.00017864,0.00017305,0.00017351,0.00017351,335273.0
2018-01-09 11:59:59,0.0001737,0.00018284,0.00017279,0.00017733,0.00017733,369836.0
2018-01-09 12:59:59,0.00017865,0.00018299,0.00017708,0.00017986,0.00017986,860677.0
2018-01-09 13:59:59,0.00018018,0.0001805,0.00017176,0.00017889,0.00017889,699358.0
2018-01-09 14:59:59,0.00017889,0.00018,0.00017746,0.00017899,0.00017899,687914.0
2018-01-09 15:59:59,0.00017887,0.00018277,0.00017757,0.00018231,0.00018231,448736.0
2018-01-09 16:59:59,0.00018225,0.00018277,0.0001777,0.00017847,0.00017847,186133.0
2018-01-09 17:59:59,0.0001783,0.0001797,0.00017677,0.00017772,0.00017772,74627.0
2018-01-09 18:59:59,0.00017772,0.000182,0.00017772,0.00017849,0.00017849,97868.0
2018-01-09 19:59:59,0.00017849,0.0001799,0.0001705,0.00017379,0.00017379,299314.0
2018-01-09 20:59:59,0.00017379,0.00017499,0.0001678,0.00017026,0.00017026,181684.0
2018-01-09 21:59:59,0.00017027,0.00017899,0.00016752,0.00017454,0.00017454,301390.0
2018-01-09 22:59:59,0.00017457,0.00018299,0.00017457,0.00018168,0.00018168,157467.0
2018-01-09 23:59:59,0.00018178,0.0001845,0.000178,0.00018012,0.00018012,224713.0
2018-01-10 00:59:59,0.00018008,0.0001825,0.00017636,0.00017971,0.00017971,190995.0
2018-01-10 01:59:59,0.00017971,0.00018192,0.00017501,0.0001751,0.0001751,158054.0
2018-01-10 02:59:59,0.00017554,0.00018246,0.00017504,0.00018149,0.00018149,181485.0
2018-01-10 03:59:59,0.00018148,0.00018148,0.000169,0.0001703,0.0001703,310541.0
2018-01-10 04:59:59,0.00017143,0.00017515,0.00017125,0.00017325,0.00017325,91705.0
2018-01-10 05:59:59,0.00017325,0.000185,0.00016848,0.00016945,0.00016945,293817.0
2018-01-10 06:59:59,0.00016908,0.00016987,0.00015587,0.00016045,0.00016045,516469.0
2018-01-10 07:59:59,0.00016011,0.00017,0.00015972,0.0001685,0.0001685,374900.0
2018-01-10 08:59:59,0.0001685,0.0001748,0.0001685,0.00017158,0.00017158,364075.0
2018-01-10 09:59:59,0.0001712,0.00017173,0.00016366,0.00016609,0.00016609,327798.0
2018-01-10 10:59:59,0.00016609,0.000168,0.00016539,0.00016761,0.00016761,337847.0
2018-01-10 11:59:59,0.0001675,0.00016759,0.0001625,0.00016341,0.00016341,240599.0
2018-01-10 12:59:59,0.00016341,0.00017327,0.0001625,0.00016899,0.00016899,317281.0
2018-01-10 13:59:59,0.00016899,0.00017623,0.000165,0.00017603,0.00017603,282409.0
2018-01-10 14:59:59,0.00017598,0.0001852,0.00017373,0.00017904,0.00017904,238994.0
2018-01-10 15:59:59,0.00017913,0.00017913,0.00017504,0.00017574,0.00017574,116108.0
2018-01-10 16:59:59,0.0001761,0.000182,0.00017105,0.00017618,0.00017618,268080.0
2018-01-10 17:59:59,0.00017609,0.00018,0.000174,0.00017898,0.00017898,98797.0
2018-01-10 18:59:59,0.00017941,0.0001852,0.0001789,0.0001852,0.0001852,98022.0
2018-01-10 19:59:59,0.0001852,0.0001925,0.000181,0.00018791,0.00018791,371585.0
2018-01-10 20:59:59,0.00018781,0.00018878,0.0001845,0.00018592,0.00018592,587135.0
2018-01-10 21:59:59,0.00018657,0.00018658,0.0001805,0.00018464,0.00018464,245024.0
2018-01-10 22:59:59,0.00018436,0.000193,0.00018436,0.000193,0.000193,273922.0
2018-01-10 23:59:59,0.00019251,0.00019486,0.00018998,0.00019473,0.00019473,307785.0
2018-01-11 00:59:59,0.00019486,0.00021,0.00019483,0.00020909,0.00020909,811067.0
2018-01-11 01:59:59,0.00020985,0.00021,0.00018091,0.00018688,0.00018688,635438.0
2018-01-11 02:59:59,0.00018722,0.00019507,0.000166,0.00017174,0.00017174,453501.0
2018-01-11 03:59:59,0.00017198,0.00018786,0.0001703,0.00017814,0.00017814,226116.0
2018-01-11 04:59:59,0.00017898,0.00019199,0.00017809,0.00019124,0.00019124,155144.0
2018-01-11 05:59:59,0.00019124,0.00019199,0.00018567,0.0001903,0.0001903,219149.0
2018-01-11 06:59:59,0.00019068,0.00019122,0.0001785,0.0001839,0.0001839,360171.0
2018-01-11 07:59:59,0.00018406,0.00018515,0.00018056,0.00018199,0.00018199,350497.0
2018-01-11 08:59:59,0.0001824,0.00018438,0.00018064,0.000184,0.000184,502042.0
2018-01-11 09:59:59,0.00018383,0.00018674,0.0001813,0.00018379,0.00018379,204288.0
2018-01-11 10:59:59,0.0001838,0.0001965,0.00018166,0.000193,0.000193,330490.0
2018-01-11 11:59:59,0.000193,0.0002,0.00019129,0.00019815,0.00019815,270610.0
2018-01-11 12:59:59,0.00019818,0.00020347,0.00018963,0.00018994,0.00018994,579100.0
2018-01-11 13:59:59,0.00018995,0.00019155,0.000165,0.00018631,0.00018631,563077.0
2018-01-11 14:59:59,0.00018631,0.00020186,0.00018203,0.00018947,0.00018947,339395.0
2018-01-11 15:59:59,0.0001895,0.000191,0.00018528,0.00019059,0.00019059,401272.0
2018-01-11 16:59:59,0.00019059,0.0001906,0.00018635,0.00018931,0.00018931,539010.0
2018-01-11 17:59:59,0.00018931,0.000191,0.00018035,0.00018831,0.00018831,107312.0
2018-01-11 18:59:59,0.00018955,0.00019461,0.00018831,0.00018931,0.00018931,160124.0
2018-01-11 19:59:59,0.00018931,0.000192,0.00018769,0.00019076,0.00019076,59173.0
2018-01-11 20:59:59,0.00019076,0.00019157,0.00018051,0.00018292,0.00018292,195083.0
2018-01-11 21:59:59,0.0001829,0.00018389,0.00017501,0.00018234,0.00018234,395626.0
2018-01-11 22:59:59,0.00018236,0.00018899,0.00017827,0.00018203,0.00018203,642882.0
2018-01-11 23:59:59,0.00018194,0.00019,0.00018194,0.00018805,0.00018805,242538.0
2018-01-12 00:59:59,0.00018813,0.00018964,0.00018393,0.00018552,0.00018552,118464.0
2018-01-12 01:59:59,0.00018548,0.00018608,0.00018211,0.00018255,0.00018255,256000.0
2018-01-12 02:59:59,0.00018278,0.00018322,0.00017547,0.0001798,0.0001798,249806.0
2018-01-12 03:59:59,0.0001798,0.00018095,0.00017825,0.00017956,0.00017956,402056.0
2018-01-12 04:59:59,0.00017984,0.00017984,0.0001736,0.00017453,0.00017453,174849.0
2018-01-12 05:59:59,0.00017455,0.00017794,0.00017245,0.00017755,0.00017755,549752.0
2018-01-12 06:59:59,0.00017766,0.00018222,0.00017766,0.00018066,0.00018066,418470.0
2018-01-12 07:59:59,0.00018061,0.00018142,0.00017789,0.00017793,0.00017793,456192.0
2018-01-12 08:59:59,0.00017789,0.00017792,0.00017245,0.00017494,0.00017494,367100.0
2018-01-12 09:59:59,0.0001749,0.00017528,0.00017341,0.00017493,0.00017493,378139.0
2018-01-12 10:59:59,0.00017499,0.00017996,0.00017495,0.00017748,0.00017748,350629.0
2018-01-12 11:59:59,0.00017748,0.00018525,0.00017748,0.000185,0.000185,244972.0
2018-01-12 12:59:59,0.00018188,0.00018883,0.00018186,0.00018653,0.00018653,246133.0
2018-01-12 13:59:59,0.00018638,0.00019,0.00018498,0.0001854,0.0001854,235156.0
2018-01-12 14:59:59,0.00018525,0.00018767,0.000182,0.00018304,0.00018304,115672.0
2018-01-12 15:59:59,0.00018301,0.0001837,0.00018,0.00018013,0.00018013,131656.0
2018-01-12 16:59:59,0.00018016,0.0001824,0.00017894,0.00018077,0.00018077,69076.0
2018-01-12 17:59:59,0.00018126,0.0001824,0.00017748,0.00017873,0.00017873,115457.0
2018-01-12 18:59:59,0.00017968,0.000193,0.00017881,0.00019015,0.00019015,262150.0
2018-01-12 19:59:59,0.00019015,0.00019298,0.00018423,0.00019139,0.00019139,171787.0
2018-01-12 20:59:59,0.00019154,0.00019154,0.00018842,0.00018852,0.00018852,276795.0
2018-01-12 21:59:59,0.00018852,0.00018967,0.00018674,0.00018957,0.00018957,514845.0
2018-01-12 22:59:59,0.00018955,0.00018966,0.00018551,0.00018597,0.00018597,138484.0
2018-01-12 23:59:59,0.00018596,0.0001877,0.00017955,0.00018538,0.00018538,319433.0
2018-01-13 00:59:59,0.00018516,0.00018595,0.0001818,0.00018542,0.00018542,375423.0
2018-01-13 01:59:59,0.00018494,0.00018541,0.0001793,0.00018066,0.00018066,255420.0
2018-01-13 02:59:59,0.00018072,0.00018177,0.000175,0.00017546,0.00017546,176185.0
2018-01-13 03:59:59,0.00017546,0.00017809,0.00017505,0.00017783,0.00017783,189428.0
2018-01-13 04:59:59,0.00017766,0.00018178,0.00017591,0.00018076,0.00018076,124570.0
2018-01-13 05:59:59,0.0001813,0.0001813,0.00017658,0.00017818,0.00017818,178906.0
2018-01-13 06:59:59,0.00017818,0.00017877,0.00017659,0.00017822,0.00017822,58024.0
2018-01-13 07:59:59,0.00017855,0.0001801,0.00017778,0.00017979,0.00017979,179319.0
2018-01-13 08:59:59,0.00018006,0.00018007,0.00017922,0.0001795,0.0001795,260307.0
2018-01-13 09:59:59,0.00017945,0.00018323,0.00017922,0.00018096,0.00018096,275694.0
2018-01-13 10:59:59,0.00018091,0.00018383,0.00018091,0.00018383,0.00018383,137319.0
2018-01-13 11:59:59,0.00018383,0.00018456,0.0001777,0.0001777,0.0001777,191151.0
2018-01-13 12:59:59,0.00017727,0.0001787,0.00017487,0.0001765,0.0001765,72787.0
2018-01-13 13:59:59,0.0001752,0.00017625,0.00016751,0.00017047,0.00017047,246219.0
2018-01-13 14:59:59,0.00017048,0.00017499,0.000166,0.0001685,0.0001685,672402.0
2018-01-13 15:59:59,0.00016844,0.00016881,0.000167,0.00016795,0.00016795,179066.0
2018-01-13 16:59:59,0.00016796,0.00017676,0.00016796,0.00017317,0.00017317,259113.0
2018-01-13 17:59:59,0.00017313,0.00017313,0.00016796,0.00016866,0.00016866,232638.0
2018-01-13 18:59:59,0.00016852,0.00016939,0.00016131,0.00016671,0.00016671,277789.0
2018-01-13 19:59:59,0.00016693,0.00016827,0.0001643,0.00016821,0.00016821,209753.0
2018-01-13 20:59:59,0.00016821,0.00017216,0.00016729,0.00016932,0.00016932,405648.0
2018-01-13 21:59:59,0.0001694,0.00016999,0.00016601,0.00016783,0.00016783,304235.0
2018-01-13 22:59:59,0.00016749,0.0001682,0.000166,0.00016601,0.00016601,307759.0
2018-01-13 23:59:59,0.000166,0.00017219,0.000165,0.00016866,0.00016866,284201.0
2018-01-14 00:59:59,0.00016875,0.00016875,0.00016071,0.00016604,0.00016604,182134.0
2018-01-14 01:59:59,0.00016626,0.00016686,0.00016204,0.00016434,0.00016434,172754.0
2018-01-14 02:59:59,0.00016337,0.00016429,0.00016,0.00016206,0.00016206,69624.0
2018-01-14 03:59:59,0.00016134,0.0001637,0.00015972,0.00016094,0.00016094,97944.0
2018-01-14 04:59:59,0.00015983,0.00016285,0.00015893,0.00016106,0.00016106,101126.0
2018-01-14 05:59:59,0.0001614,0.00016183,0.000158,0.00015871,0.00015871,141142.0
2018-01-14 06:59:59,0.00015872,0.00016999,0.00015872,0.00016473,0.00016473,284437.0
2018-01-14 07:59:59,0.00016594,0.00017,0.00016378,0.00016615,0.00016615,127871.0
2018-01-14 08:59:59,0.00016633,0.00016633,0.00016123,0.00016468,0.00016468,139338.0
2018-01-14 09:59:59,0.00016468,0.00016634,0.00015,0.00015078,0.00015078,145793.0
2018-01-14 10:59:59,0.00015078,0.00015254,0.00014653,0.00014943,0.00014943,129336.0
2018-01-14 11:59:59,0.00014902,0.00016,0.0001475,0.00016,0.00016,116690.0
2018-01-14 12:59:59,0.00016019,0.00016287,0.00015599,0.00015599,0.00015599,49070.0
2018-01-14 13:59:59,0.00015599,0.00015791,0.00014325,0.00015351,0.00015351,142726.0
2018-01-14 14:59:59,0.00015362,0.000155,0.00014578,0.00015151,0.00015151,68690.0
2018-01-14 15:59:59,0.00015151,0.00015281,0.00015088,0.00015226,0.00015226,41354.0
2018-01-14 16:59:59,0.000152,0.00015475,0.00015,0.00015444,0.00015444,31770.0
2018-01-14 17:59:59,0.00015444,0.00016,0.00015323,0.0001571,0.0001571,42099.0
2018-01-14 18:59:59,0.00015718,0.00015849,0.00015401,0.00015536,0.00015536,36635.0
2018-01-14 19:59:59,0.00015536,0.00015754,0.00015429,0.000156,0.000156,25296.0
2018-01-14 20:59:59,0.00015732,0.00015795,0.00015203,0.00015466,0.00015466,31587.0
2018-01-14 21:59:59,0.00015466,0.00015476,0.00015,0.00015125,0.00015125,69737.0
2018-01-14 22:59:59,0.00015125,0.00015138,0.00014,0.00015052,0.00015052,183874.0
2018-01-14 23:59:59,0.000151,0.00015138,0.00014841,0.00014915,0.00014915,38913.0
2018-01-15 00:59:59,0.00014915,0.00015138,0.00014583,0.00014704,0.00014704,46998.0
2018-01-15 01:59:59,0.00014703,0.00014941,0.00014094,0.00014901,0.00014901,60740.0
2018-01-15 02:59:59,0.00014881,0.00015462,0.000145,0.00014868,0.00014868,39582.0
2018-01-15 03:59:59,0.00014913,0.000155,0.00014867,0.00015309,0.00015309,70079.0
2018-01-15 04:59:59,0.00015438,0.0001548,0.00014751,0.00014782,0.00014782,70751.0
2018-01-15 05:59:59,0.00014766,0.00014955,0.00014503,0.00014613,0.00014613,57788.0
2018-01-15 06:59:59,0.00014526,0.00014789,0.00014352,0.00014433,0.00014433,283181.0
2018-01-15 07:59:59,0.00014438,0.00014592,0.00014218,0.00014592,0.00014592,261546.0
2018-01-15 08:59:59,0.000145,0.000147,0.0001368,0.00013921,0.00013921,287048.0
2018-01-15 09:59:59,0.00013913,0.00014386,0.00013384,0.00013507,0.00013507,349090.0
2018-01-15 10:59:59,0.00013509,0.00013688,0.00013111,0.00013499,0.00013499,250786.0
2018-01-15 11:59:59,0.00013399,0.00013399,0.000129,0.000129,0.000129,395906.0
2018-01-15 12:59:59,0.000129,0.000132,0.000126,0.00013125,0.00013125,291184.0
2018-01-15 13:59:59,0.00013139,0.00013654,0.00012765,0.00013012,0.00013012,364807.0
2018-01-15 14:59:59,0.00013145,0.00014861,0.00013,0.00013899,0.00013899,400316.0
2018-01-15 15:59:59,0.00013889,0.00013889,0.00013001,0.00013448,0.00013448,199172.0
2018-01-15 16:59:59,0.00013442,0.000138,0.00013115,0.00013431,0.00013431,224321.0
2018-01-15 17:59:59,0.00013424,0.00013451,0.00013084,0.00013352,0.00013352,382827.0
2018-01-15 18:59:59,0.00013393,0.000138,0.00013361,0.00013642,0.00013642,315616.0
2018-01-15 19:59:59,0.00013642,0.00013799,0.00013501,0.00013762,0.00013762,65352.0
2018-01-15 20:59:59,0.00013752,0.00014134,0.00013725,0.00013787,0.00013787,182741.0
2018-01-15 21:59:59,0.00013787,0.00013975,0.00013725,0.00013725,0.00013725,226792.0
2018-01-15 22:59:59,0.00013729,0.00013729,0.00012853,0.00012853,0.00012853,382010.0
2018-01-15 23:59:59,0.00012899,0.00013186,0.0001278,0.00012948,0.00012948,173176.0
2018-01-16 00:59:59,0.00012948,0.00013418,0.00012834,0.00013327,0.00013327,267598.0
2018-01-16 01:59:59,0.00013415,0.00013418,0.00013036,0.00013101,0.00013101,324851.0
2018-01-16 02:59:59,0.00013101,0.0001322,0.00012934,0.00013079,0.00013079,370332.0
2018-01-16 03:59:59,0.00013079,0.0001315,0.00012908,0.00012993,0.00012993,261014.0
2018-01-16 04:59:59,0.00013011,0.00013029,0.000127,0.00012797,0.00012797,128147.0
2018-01-16 05:59:59,0.00012748,0.00012863,0.0001191,0.0001191,0.0001191,264869.0
2018-01-16 06:59:59,0.00011954,0.00012141,0.00011336,0.00011546,0.00011546,512818.0
2018-01-16 07:59:59,0.00011549,0.00011719,0.00010888,0.00011016,0.00011016,379826.0
2018-01-16 08:59:59,0.00010971,0.00011168,0.00010421,0.00011168,0.00011168,327211.0
2018-01-16 09:59:59,0.00011168,0.00012221,0.00011009,0.00012215,0.00012215,443722.0
2018-01-16 10:59:59,0.00012211,0.00012399,0.00011759,0.00011882,0.00011882,327974.0
2018-01-16 11:59:59,0.00011882,0.000125,0.00011856,0.00011954,0.00011954,250787.0
2018-01-16 12:59:59,0.00011937,0.00012101,0.00011635,0.00011752,0.00011752,188968.0
2018-01-16 13:59:59,0.00011752,0.00012599,0.00011502,0.00011893,0.00011893,305242.0
2018-01-16 14:59:59,0.0001195,0.000123,0.00011777,0.00012051,0.00012051,255754.0
2018-01-16 15:59:59,0.00012065,0.00012322,0.00012048,0.00012115,0.00012115,84867.0
2018-01-16 16:59:59,0.00012114,0.0001213,0.00011366,0.00011988,0.00011988,146993.0
2018-01-16 17:59:59,0.00011946,0.00012322,0.00011605,0.00012112,0.00012112,217401.0
2018-01-16 18:59:59,0.00012103,0.00012599,0.0001145,0.0001187,0.0001187,311626.0
2018-01-16 19:59:59,0.0001187,0.00012117,0.00011,0.00011052,0.00011052,224298.0
2018-01-16 20:59:59,0.00011091,0.00011091,0.000103,0.00010674,0.00010674,275341.0
2018-01-16 21:59:59,0.00010674,0.00011433,0.00010649,0.0001133,0.0001133,242972.0
2018-01-16 22:59:59,0.00011326,0.00013013,0.00011269,0.00011928,0.00011928,259725.0
2018-01-16 23:59:59,0.00012007,0.00012245,0.00011432,0.00011649,0.00011649,237516.0
2018-01-17 00:59:59,0.00011638,0.00011938,0.00011319,0.00011555,0.00011555,551706.0
2018-01-17 01:59:59,0.00011555,0.00011556,0.0001086,0.0001088,0.0001088,291801.0
2018-01-17 02:59:59,0.00010906,0.00011026,0.00010715,0.00010932,0.00010932,377157.0
2018-01-17 03:59:59,0.00010932,0.00011026,0.00010899,0.00010934,0.00010934,312832.0
2018-01-17 04:59:59,0.00010934,0.00011937,0.0001085,0.0001141,0.0001141,306961.0
2018-01-17 05:59:59,0.00011394,0.00011961,0.00011394,0.00011777,0.00011777,299387.0
2018-01-17 06:59:59,0.0001178,0.00012084,0.00011502,0.00012021,0.00012021,176418.0
2018-01-17 07:59:59,0.0001199,0.00012491,0.00011868,0.00012333,0.00012333,461819.0
2018-01-17 08:59:59,0.00012339,0.00013311,0.00012304,0.000124,0.000124,606336.0
2018-01-17 09:59:59,0.000124,0.000124,0.00011975,0.00012141,0.00012141,527703.0
2018-01-17 10:59:59,0.00012159,0.00012804,0.00012089,0.00012326,0.00012326,411123.0
2018-01-17 11:59:59,0.00012326,0.00012406,0.00012,0.00012,0.00012,419114.0
2018-01-17 12:59:59,0.00012024,0.00012207,0.00010666,0.00010772,0.00010772,413254.0
2018-01-17 13:59:59,0.00010772,0.00011267,0.00010712,0.00011089,0.00011089,168072.0
2018-01-17 14:59:59,0.00011089,0.00011862,0.00010973,0.000118,0.000118,190794.0
2018-01-17 15:59:59,0.00011804,0.00011954,0.000115,0.00011684,0.00011684,296708.0
2018-01-17 16:59:59,0.00011688,0.00012327,0.00011232,0.00012249,0.00012249,403096.0
2018-01-17 17:59:59,0.00012249,0.000134,0.00012011,0.00012947,0.00012947,432875.0
2018-01-17 18:59:59,0.00012956,0.00013408,0.00012413,0.00012621,0.00012621,183161.0
2018-01-17 19:59:59,0.00012589,0.00013406,0.00012545,0.00013292,0.00013292,301814.0
2018-01-17 20:59:59,0.0001323,0.00013318,0.00012515,0.00012831,0.00012831,405450.0
2018-01-17 21:59:59,0.00012839,0.00012988,0.00012695,0.0001284,0.0001284,288241.0
2018-01-17 22:59:59,0.0001282,0.0001316,0.0001271,0.00012957,0.00012957,180033.0
2018-01-17 23:59:59,0.00012958,0.00013148,0.0001265,0.00012858,0.00012858,352197.0
2018-01-18 00:59:59,0.00012839,0.00012997,0.0001282,0.00012853,0.00012853,352918.0
2018-01-18 01:59:59,0.00012853,0.00012952,0.00012415,0.00012566,0.00012566,189340.0
2018-01-18 02:59:59,0.00012554,0.00012998,0.00012549,0.00012802,0.00012802,259193.0
2018-01-18 03:59:59,0.000128,0.00013098,0.000128,0.00012928,0.00012928,421311.0
2018-01-18 04:59:59,0.00012928,0.0001319,0.00012819,0.00012996,0.00012996,278424.0
2018-01-18 05:59:59,0.00012996,0.00013208,0.000127,0.00012725,0.00012725,341822.0
2018-01-18 06:59:59,0.00012736,0.00012808,0.00012587,0.00012749,0.00012749,227722.0
2018-01-18 07:59:59,0.00012741,0.00013418,0.00012717,0.00012933,0.00012933,156299.0
2018-01-18 08:59:59,0.00012932,0.00013323,0.00012597,0.00012822,0.00012822,299283.0
2018-01-18 09:59:59,0.00012808,0.00013039,0.0001275,0.00012915,0.00012915,131578.0
2018-01-18 10:59:59,0.00012914,0.00013029,0.0001281,0.0001285,0.0001285,485122.0
2018-01-18 11:59:59,0.00012852,0.00012869,0.0001252,0.00012804,0.00012804,233988.0
2018-01-18 12:59:59,0.00012774,0.00012962,0.00012774,0.000129,0.000129,429139.0
2018-01-18 13:59:59,0.00012922,0.00013323,0.00012922,0.00013205,0.00013205,337050.0
2018-01-18 14:59:59,0.00013213,0.00013213,0.00012901,0.00012998,0.00012998,287157.0
2018-01-18 15:59:59,0.00012983,0.00014,0.00012948,0.00013495,0.00013495,355443.0
2018-01-18 16:59:59,0.000135,0.000135,0.000131,0.00013185,0.00013185,109231.0
2018-01-18 17:59:59,0.00013189,0.00013874,0.00013105,0.00013874,0.00013874,125771.0
2018-01-18 18:59:59,0.00013874,0.00014199,0.00013702,0.00014054,0.00014054,373128.0
2018-01-18 19:59:59,0.00013843,0.0001423,0.0001335,0.00014029,0.00014029,390576.0
2018-01-18 20:59:59,0.00014029,0.00014029,0.00012954,0.00013245,0.00013245,383672.0
2018-01-18 21:59:59,0.00013258,0.00013288,0.00012965,0.00013191,0.00013191,331264.0
2018-01-18 22:59:59,0.00013281,0.00013699,0.00013187,0.0001343,0.0001343,358792.0
2018-01-18 23:59:59,0.0001343,0.00013481,0.0001319,0.00013247,0.00013247,147322.0
2018-01-19 00:59:59,0.00013264,0.0001361,0.0001303,0.00013035,0.00013035,257501.0
2018-01-19 01:59:59,0.00013042,0.00013043,0.00012709,0.00012868,0.00012868,349437.0
2018-01-19 02:59:59,0.00012858,0.00013151,0.00012858,0.00013013,0.00013013,187926.0
2018-01-19 03:59:59,0.00013012,0.0001326,0.00012937,0.00013178,0.00013178,293881.0
2018-01-19 04:59:59,0.0001318,0.00013487,0.00013114,0.0001337,0.0001337,240523.0
2018-01-19 05:59:59,0.0001337,0.00013482,0.0001311,0.00013257,0.00013257,256026.0
2018-01-19 06:59:59,0.0001327,0.0001339,0.0001327,0.0001339,0.0001339,243988.0
2018-01-19 07:59:59,0.0001339,0.00013772,0.00013389,0.00013703,0.00013703,420682.0
2018-01-19 08:59:59,0.00013691,0.00013843,0.00013535,0.00013785,0.00013785,316237.0
2018-01-19 09:59:59,0.00013792,0.00013842,0.0001365,0.0001378,0.0001378,248093.0
2018-01-19 10:59:59,0.000138,0.00014248,0.00013763,0.00014157,0.00014157,227350.0
2018-01-19 11:59:59,0.0001415,0.00014591,0.00014114,0.00014396,0.00014396,242415.0
2018-01-19 12:59:59,0.00014396,0.00014439,0.00013955,0.00014028,0.00014028,233458.0
2018-01-19 13:59:59,0.00014028,0.00014041,0.000136,0.0001369,0.0001369,209922.0
2018-01-19 14:59:59,0.00013687,0.0001392,0.00013625,0.00013919,0.00013919,279811.0
2018-01-19 15:59:59,0.00013861,0.00013969,0.00013733,0.000138,0.000138,188894.0
2018-01-19 16:59:59,0.00013791,0.00014227,0.00013733,0.00013976,0.00013976,94814.0
2018-01-19 17:59:59,0.0001412,0.00014488,0.00013983,0.00014186,0.00014186,169541.0
2018-01-19 18:59:59,0.00014186,0.00014186,0.00013906,0.00013936,0.00013936,72747.0
2018-01-19 19:59:59,0.00013936,0.00014139,0.00013815,0.00013865,0.00013865,171432.0
2018-01-19 20:59:59,0.00013871,0.00014248,0.00013841,0.00013985,0.00013985,400704.0
2018-01-19 21:59:59,0.00013985,0.00014285,0.00013985,0.00014183,0.00014183,397380.0
2018-01-19 22:59:59,0.00014192,0.00014287,0.00013872,0.0001388,0.0001388,345855.0
2018-01-19 23:59:59,0.00013883,0.00014328,0.0001381,0.00013923,0.00013923,270602.0
2018-01-20 00:59:59,0.00013925,0.00013997,0.00013802,0.00013853,0.00013853,139918.0
2018-01-20 01:59:59,0.00013853,0.00013982,0.00013701,0.00013747,0.00013747,232215.0
2018-01-20 02:59:59,0.00013747,0.00013939,0.00013742,0.0001378,0.0001378,208082.0
2018-01-20 03:59:59,0.00013765,0.00013765,0.00013222,0.0001334,0.0001334,289558.0
2018-01-20 04:59:59,0.00013307,0.00013563,0.00013223,0.00013543,0.00013543,264081.0
2018-01-20 05:59:59,0.00013543,0.00013572,0.00013428,0.00013496,0.00013496,175240.0
2018-01-20 06:59:59,0.00013499,0.00013558,0.0001325,0.00013372,0.00013372,494243.0
2018-01-20 07:59:59,0.00013322,0.00013386,0.0001325,0.00013288,0.00013288,357700.0
2018-01-20 08:59:59,0.00013292,0.00013304,0.00013152,0.00013257,0.00013257,295091.0
2018-01-20 09:59:59,0.00013281,0.00013344,0.00013251,0.00013297,0.00013297,385426.0
2018-01-20 10:59:59,0.00013298,0.00013316,0.00013244,0.00013298,0.00013298,287575.0
2018-01-20 11:59:59,0.00013304,0.00013339,0.00013244,0.00013244,0.00013244,172601.0
2018-01-20 12:59:59,0.00013247,0.00013386,0.00013155,0.00013336,0.00013336,221328.0
2018-01-20 13:59:59,0.00013323,0.0001385,0.00013152,0.000136,0.000136,222305.0
2018-01-20 14:59:59,0.00013601,0.0001374,0.00013409,0.00013693,0.00013693,299923.0
2018-01-20 15:59:59,0.00013659,0.00013741,0.00013454,0.00013499,0.00013499,351818.0
2018-01-20 16:59:59,0.00013517,0.00013672,0.00013411,0.0001358,0.0001358,261880.0
2018-01-20 17:59:59,0.00013603,0.00013795,0.00013579,0.00013795,0.00013795,277159.0
2018-01-20 18:59:59,0.00013795,0.00013798,0.00013622,0.00013725,0.00013725,281201.0
2018-01-20 19:59:59,0.00013701,0.00013798,0.00013623,0.0001374,0.0001374,369787.0
2018-01-20 20:59:59,0.00013726,0.000139,0.00013726,0.00013757,0.00013757,228276.0
2018-01-20 21:59:59,0.00013756,0.000139,0.0001362,0.00013719,0.00013719,276411.0
2018-01-20 22:59:59,0.00013719,0.00013949,0.00013222,0.0001348,0.0001348,316584.0
2018-01-20 23:59:59,0.00013481,0.00013745,0.00013391,0.00013505,0.00013505,149009.0
2018-01-21 00:59:59,0.00013504,0.00013746,0.00013423,0.0001359,0.0001359,272778.0
2018-01-21 01:59:59,0.00013642,0.00013879,0.00013451,0.00013535,0.00013535,244864.0
2018-01-21 02:59:59,0.00013535,0.00013537,0.00012815,0.00012951,0.00012951,275401.0
2018-01-21 03:59:59,0.00012951,0.00012975,0.00012668,0.0001278,0.0001278,175401.0
2018-01-21 04:59:59,0.00012785,0.00013074,0.000125,0.00012617,0.00012617,412626.0
2018-01-21 05:59:59,0.00012619,0.00012733,0.000118,0.00012335,0.00012335,398811.0
2018-01-21 06:59:59,0.00012367,0.0001258,0.00012254,0.00012524,0.00012524,173047.0
2018-01-21 07:59:59,0.00012522,0.0001258,0.00012354,0.00012354,0.00012354,148010.0
2018-01-21 08:59:59,0.00012354,0.00012493,0.000123,0.00012474,0.00012474,295984.0
2018-01-21 09:59:59,0.00012474,0.0001258,0.0001245,0.00012578,0.00012578,196644.0
2018-01-21 10:59:59,0.00012578,0.00012812,0.00012524,0.00012796,0.00012796,184758.0
2018-01-21 11:59:59,0.00012796,0.0001339,0.00012675,0.00012934,0.00012934,285498.0
2018-01-21 12:59:59,0.00012908,0.000134,0.00012784,0.00013118,0.00013118,433368.0
2018-01-21 13:59:59,0.00013258,0.00013258,0.00012622,0.00012991,0.00012991,395753.0
2018-01-21 14:59:59,0.00012991,0.00012991,0.000125,0.00012581,0.00012581,174493.0
2018-01-21 15:59:59,0.00012599,0.00012614,0.0001248,0.00012582,0.00012582,343936.0
2018-01-21 16:59:59,0.00012607,0.00012614,0.0001252,0.00012529,0.00012529,288622.0
2018-01-21 17:59:59,0.00012528,0.0001281,0.00012528,0.00012722,0.00012722,341618.0
2018-01-21 18:59:59,0.00012758,0.00012809,0.00012109,0.00012332,0.00012332,208007.0
2018-01-21 19:59:59,0.00012364,0.00012478,0.00012323,0.0001241,0.0001241,329298.0
2018-01-21 20:59:59,0.00012415,0.00012425,0.00012407,0.00012408,0.00012408,52160.0
2018-01-21 21:59:59,0.0001241,0.00012662,0.00012407,0.00012591,0.00012591,63854.0
2018-01-21 22:59:59,0.00012595,0.00012749,0.00012532,0.00012644,0.00012644,321376.0
2018-01-21 23:59:59,0.00012675,0.0001288,0.00012582,0.00012856,0.00012856,192560.0
2018-01-22 00:59:59,0.00012848,0.00014,0.00012725,0.0001308,0.0001308,344771.0
2018-01-22 01:59:59,0.0001308,0.00013587,0.00013005,0.00013258,0.00013258,256334.0
2018-01-22 02:59:59,0.00013231,0.00013258,0.00013045,0.00013159,0.00013159,162967.0
2018-01-22 03:59:59,0.00013141,0.00013159,0.00012962,0.00013108,0.00013108,380126.0
2018-01-22 04:59:59,0.00013084,0.0001317,0.00013007,0.00013118,0.00013118,233177.0
2018-01-22 05:59:59,0.00013112,0.0001312,0.00012803,0.00012916,0.00012916,317606.0
2018-01-22 06:59:59,0.00012916,0.00012992,0.00012582,0.00012732,0.00012732,265278.0
2018-01-22 07:59:59,0.00012719,0.00012873,0.0001255,0.00012805,0.00012805,211663.0
2018-01-22 08:59:59,0.00012805,0.00012914,0.00012768,0.00012896,0.00012896,342999.0
2018-01-22 09:59:59,0.00012916,0.00012916,0.0001259,0.000126,0.000126,263472.0
2018-01-22 10:59:59,0.00012547,0.00012814,0.00012424,0.00012812,0.00012812,433958.0
2018-01-22 11:59:59,0.00012812,0.00012814,0.00012423,0.00012442,0.00012442,262922.0
2018-01-22 12:59:59,0.00012444,0.00012637,0.00012427,0.00012513,0.00012513,116416.0
2018-01-22 13:59:59,0.00012517,0.00012531,0.00012297,0.00012319,0.00012319,218056.0
2018-01-22 14:59:59,0.00012305,0.00012458,0.0001228,0.00012429,0.00012429,245384.0
2018-01-22 15:59:59,0.0001235,0.0001247,0.00012298,0.00012419,0.00012419,378269.0
2018-01-22 16:59:59,0.00012428,0.0001258,0.00012372,0.00012372,0.00012372,431406.0
2018-01-22 17:59:59,0.00012372,0.00012372,0.000122,0.00012245,0.00012245,262239.0
2018-01-22 18:59:59,0.00012246,0.00012464,0.00012246,0.00012426,0.00012426,320406.0
2018-01-22 19:59:59,0.00012429,0.00012429,0.00011969,0.00012133,0.00012133,243219.0
2018-01-22 20:59:59,0.00012145,0.0001229,0.00012,0.00012243,0.00012243,183702.0
2018-01-22 21:59:59,0.00012238,0.00012309,0.00012142,0.0001223,0.0001223,203952.0
2018-01-22 22:59:59,0.00012241,0.00012443,0.00012225,0.00012378,0.00012378,226375.0
2018-01-22 23:59:59,0.00012379,0.00012427,0.00012135,0.00012298,0.00012298,56249.0
2018-01-23 00:59:59,0.0001229,0.00012437,0.00012275,0.00012333,0.00012333,160628.0
2018-01-23 01:59:59,0.00012324,0.00012433,0.00012201,0.00012264,0.00012264,132233.0
2018-01-23 02:59:59,0.00012264,0.0001249,0.00012202,0.00012375,0.00012375,272323.0
2018-01-23 03:59:59,0.00012364,0.00012395,0.00012131,0.00012175,0.00012175,142327.0
2018-01-23 04:59:59,0.00012172,0.00012266,0.00012147,0.00012212,0.00012212,85026.0
2018-01-23 05:59:59,0.00012212,0.00012266,0.00012143,0.00012162,0.00012162,440455.0
2018-01-23 06:59:59,0.00012163,0.00012193,0.000121,0.0001212,0.0001212,327612.0
2018-01-23 07:59:59,0.0001212,0.0001216,0.0001208,0.00012082,0.00012082,232838.0
2018-01-23 08:59:59,0.00012082,0.00012158,0.00012013,0.00012029,0.00012029,195804.0
2018-01-23 09:59:59,0.00012016,0.000121,0.00011925,0.00011956,0.00011956,228858.0
2018-01-23 10:59:59,0.00011961,0.00012014,0.00011925,0.00011942,0.00011942,89676.0
2018-01-23 11:59:59,0.00011942,0.00011942,0.00011898,0.00011929,0.00011929,318932.0
2018-01-23 12:59:59,0.00011929,0.00011934,0.00011799,0.00011873,0.00011873,212161.0
2018-01-23 13:59:59,0.00011885,0.0001211,0.00011872,0.00012107,0.00012107,418381.0
2018-01-23 14:59:59,0.00012106,0.000124,0.00012041,0.00012305,0.00012305,323914.0
2018-01-23 15:59:59,0.00012312,0.00012478,0.00012245,0.00012245,0.00012245,258465.0
2018-01-23 16:59:59,0.00012245,0.00012445,0.0001208,0.0001236,0.0001236,407656.0
2018-01-23 17:59:59,0.00012363,0.00012395,0.00012326,0.00012327,0.00012327,128660.0
2018-01-23 18:59:59,0.00012354,0.000124,0.00012308,0.00012357,0.00012357,160377.0
2018-01-23 19:59:59,0.00012356,0.00012499,0.00012337,0.00012465,0.00012465,210592.0
2018-01-23 20:59:59,0.00012464,0.00012603,0.00012337,0.00012556,0.00012556,217744.0
2018-01-23 21:59:59,0.00012481,0.0001259,0.00012381,0.00012445,0.00012445,266919.0
2018-01-23 22:59:59,0.00012462,0.00012522,0.00012337,0.00012346,0.00012346,281559.0
2018-01-23 23:59:59,0.00012346,0.00012346,0.00012166,0.00012242,0.00012242,249788.0
2018-01-24 00:59:59,0.00012235,0.00012337,0.0001218,0.00012276,0.00012276,234696.0
2018-01-24 01:59:59,0.00012281,0.00012331,0.00012121,0.00012214,0.00012214,373588.0
2018-01-24 02:59:59,0.0001218,0.00012265,0.00012125,0.00012171,0.00012171,180740.0
2018-01-24 03:59:59,0.00012182,0.00012236,0.00012146,0.00012208,0.00012208,119008.0
2018-01-24 04:59:59,0.00012207,0.00012207,0.0001177,0.00011851,0.00011851,342624.0
2018-01-24 05:59:59,0.0001185,0.00012,0.0001175,0.00011955,0.00011955,328915.0
2018-01-24 06:59:59,0.00011955,0.0001205,0.00011929,0.0001194,0.0001194,403044.0
2018-01-24 07:59:59,0.0001194,0.00012,0.00011929,0.00011932,0.00011932,249335.0
2018-01-24 08:59:59,0.00011936,0.00012182,0.00011936,0.00012109,0.00012109,288045.0
2018-01-24 09:59:59,0.00012109,0.0001228,0.00012098,0.00012227,0.00012227,271577.0
2018-01-24 10:59:59,0.00012226,0.00012443,0.00012192,0.00012231,0.00012231,350365.0
2018-01-24 11:59:59,0.00012239,0.0001245,0.00012026,0.00012177,0.00012177,375926.0
2018-01-24 12:59:59,0.00012181,0.00012451,0.00012149,0.0001223,0.0001223,252850.0
2018-01-24 13:59:59,0.00012207,0.00012243,0.00012035,0.00012136,0.00012136,214328.0
2018-01-24 14:59:59,0.00012139,0.00012148,0.00012018,0.00012041,0.00012041,254087.0
2018-01-24 15:59:59,0.00012038,0.00012086,0.00011982,0.00012039,0.00012039,317050.0
2018-01-24 16:59:59,0.00012063,0.000124,0.00011999,0.00012223,0.00012223,253175.0
2018-01-24 17:59:59,0.00012326,0.00012451,0.00012159,0.00012374,0.00012374,233435.0
2018-01-24 18:59:59,0.00012402,0.00012445,0.0001212,0.00012161,0.00012161,163787.0
2018-01-24 19:59:59,0.00012175,0.00012442,0.0001212,0.00012201,0.00012201,208300.0
2018-01-24 20:59:59,0.00012206,0.0001244,0.00012166,0.0001237,0.0001237,131301.0
2018-01-24 21:59:59,0.00012362,0.00012371,0.0001221,0.00012273,0.00012273,110513.0
2018-01-24 22:59:59,0.00012295,0.00012361,0.00012133,0.00012192,0.00012192,137116.0
2018-01-24 23:59:59,0.00012188,0.00012301,0.00012181,0.00012201,0.00012201,270701.0
2018-01-25 00:59:59,0.00012214,0.00012245,0.00012122,0.00012142,0.00012142,207057.0
2018-01-25 01:59:59,0.00012142,0.00012178,0.00012087,0.0001217,0.0001217,153685.0
2018-01-25 02:59:59,0.00012167,0.00012178,0.00012084,0.00012118,0.00012118,263013.0
2018-01-25 03:59:59,0.00012119,0.00012143,0.00012066,0.00012123,0.00012123,122599.0
2018-01-25 04:59:59,0.00012143,0.00012143,0.00011998,0.00011998,0.00011998,304886.0
2018-01-25 05:59:59,0.00011998,0.00012398,0.00011955,0.000122,0.000122,389591.0
2018-01-25 06:59:59,0.00012172,0.000124,0.0001205,0.00012235,0.00012235,138777.0
2018-01-25 07:59:59,0.0001225,0.00012302,0.00012086,0.00012143,0.00012143,212266.0
2018-01-25 08:59:59,0.00012126,0.00012162,0.00012044,0.00012044,0.00012044,201395.0
2018-01-25 09:59:59,0.00012021,0.00012086,0.00011991,0.00012046,0.00012046,436530.0
2018-01-25 10:59:59,0.00012046,0.00012054,0.00011826,0.00011843,0.00011843,466897.0
2018-01-25 11:59:59,0.00011893,0.00012031,0.00011828,0.00011966,0.00011966,378017.0
2018-01-25 12:59:59,0.00011966,0.00012095,0.00011907,0.00012009,0.00012009,242516.0
2018-01-25 13:59:59,0.00012027,0.00012052,0.0001192,0.00011928,0.00011928,332205.0
2018-01-25 14:59:59,0.00011927,0.00012447,0.00011923,0.00012166,0.00012166,207883.0
2018-01-25 15:59:59,0.00012197,0.00012209,0.00012018,0.00012129,0.00012129,203944.0
2018-01-25 16:59:59,0.00012131,0.00012827,0.00012056,0.00012551,0.00012551,444908.0
2018-01-25 17:59:59,0.00012551,0.00013786,0.00012541,0.00013459,0.00013459,495111.0
2018-01-25 18:59:59,0.00013459,0.0001447,0.00013433,0.00013908,0.00013908,531382.0
2018-01-25 19:59:59,0.00013908,0.00013937,0.0001343,0.00013714,0.00013714,270702.0
2018-01-25 20:59:59,0.00013731,0.00014079,0.00013637,0.00013731,0.00013731,173415.0
2018-01-25 21:59:59,0.00013728,0.0001458,0.000135,0.00014188,0.00014188,333658.0
2018-01-25 22:59:59,0.00014175,0.00014595,0.000135,0.00014242,0.00014242,359370.0
2018-01-25 23:59:59,0.00014242,0.000148,0.000138,0.00014075,0.00014075,276282.0
2018-01-26 00:59:59,0.00014018,0.00014075,0.00013619,0.00013631,0.00013631,145038.0
2018-01-26 01:59:59,0.00013698,0.00013699,0.00013223,0.00013272,0.00013272,423187.0
2018-01-26 02:59:59,0.00013272,0.00014427,0.00013024,0.00013727,0.00013727,502427.0
2018-01-26 03:59:59,0.00013699,0.00014427,0.00013592,0.00013971,0.00013971,434096.0
2018-01-26 04:59:59,0.00013971,0.00014282,0.00013618,0.00013762,0.00013762,390617.0
2018-01-26 05:59:59,0.00013741,0.00014282,0.00013736,0.00014225,0.00014225,425798.0
2018-01-26 06:59:59,0.00014211,0.00014281,0.000131,0.0001347,0.0001347,654296.0
2018-01-26 07:59:59,0.00013474,0.00013596,0.00013118,0.00013132,0.00013132,524066.0
2018-01-26 08:59:59,0.00013132,0.00013654,0.0001313,0.00013415,0.00013415,546555.0
2018-01-26 09:59:59,0.00013415,0.00013592,0.00013159,0.0001316,0.0001316,439518.0
2018-01-26 10:59:59,0.0001316,0.00013851,0.000131,0.00013756,0.00013756,313596.0
2018-01-26 11:59:59,0.00013715,0.00014884,0.00013715,0.00014771,0.00014771,724009.0
2018-01-26 12:59:59,0.000148,0.000169,0.00014774,0.00015378,0.00015378,1900885.0
2018-01-26 13:59:59,0.00015378,0.00015788,0.000147,0.00015181,0.00015181,923822.0
2018-01-26 14:59:59,0.00015229,0.00015284,0.00014541,0.00015064,0.00015064,551022.0
2018-01-26 15:59:59,0.00015064,0.00015435,0.0001473,0.00015099,0.00015099,417784.0
2018-01-26 16:59:59,0.00015086,0.00016461,0.0001501,0.000164,0.000164,630506.0
2018-01-26 17:59:59,0.00016326,0.000166,0.000154,0.00015419,0.00015419,723692.0
2018-01-26 18:59:59,0.000154,0.00015485,0.00015084,0.00015355,0.00015355,301125.0
2018-01-26 19:59:59,0.00015368,0.000163,0.00015282,0.00016099,0.00016099,355172.0
2018-01-26 20:59:59,0.00016099,0.00016299,0.0001556,0.00015857,0.00015857,347737.0
2018-01-26 21:59:59,0.00015857,0.00016119,0.00015238,0.00015314,0.00015314,425918.0
2018-01-26 22:59:59,0.00015275,0.00015396,0.00015132,0.00015132,0.00015132,276182.0
2018-01-26 23:59:59,0.00015205,0.00015285,0.0001467,0.00014961,0.00014961,174415.0
2018-01-27 00:59:59,0.00014998,0.00015336,0.00014755,0.00014949,0.00014949,422309.0
2018-01-27 01:59:59,0.00014939,0.000153,0.00014707,0.00015133,0.00015133,310344.0
2018-01-27 02:59:59,0.00015133,0.0001568,0.000151,0.00015126,0.00015126,627005.0
2018-01-27 03:59:59,0.00015127,0.00015524,0.00015024,0.00015133,0.00015133,436841.0
2018-01-27 04:59:59,0.00015132,0.00015292,0.00015001,0.00015169,0.00015169,379661.0
2018-01-27 05:59:59,0.00015178,0.00015332,0.000151,0.00015265,0.00015265,295497.0
2018-01-27 06:59:59,0.00015269,0.00015271,0.00015,0.00015146,0.00015146,141200.0
2018-01-27 07:59:59,0.0001517,0.0001517,0.00015,0.00015006,0.00015006,227810.0
2018-01-27 08:59:59,0.0001502,0.0001566,0.00015001,0.00015285,0.00015285,550921.0
2018-01-27 09:59:59,0.00015283,0.0001552,0.00015022,0.00015167,0.00015167,450736.0
2018-01-27 10:59:59,0.0001517,0.000153,0.00015033,0.00015092,0.00015092,335354.0
2018-01-27 11:59:59,0.00015092,0.00015304,0.0001497,0.0001497,0.0001497,360082.0
2018-01-27 12:59:59,0.00014969,0.000151,0.00014856,0.00014988,0.00014988,334623.0
2018-01-27 13:59:59,0.00014987,0.00014989,0.00014666,0.000147,0.000147,319500.0
2018-01-27 14:59:59,0.00014666,0.00015209,0.00014666,0.00014923,0.00014923,454192.0
2018-01-27 15:59:59,0.00014901,0.0001496,0.000143,0.00014609,0.00014609,481730.0
2018-01-27 16:59:59,0.0001461,0.00014811,0.00014497,0.00014648,0.00014648,375880.0
2018-01-27 17:59:59,0.00014648,0.0001485,0.00014595,0.00014647,0.00014647,169882.0
2018-01-27 18:59:59,0.00014601,0.0001466,0.00014252,0.00014348,0.00014348,240288.0
2018-01-27 19:59:59,0.00014348,0.00014458,0.00014,0.00014328,0.00014328,174220.0
2018-01-27 20:59:59,0.00014275,0.00014315,0.00013805,0.00014126,0.00014126,328583.0
2018-01-27 21:59:59,0.00014126,0.00014384,0.0001393,0.00014228,0.00014228,322875.0
2018-01-27 22:59:59,0.00014257,0.00014384,0.000142,0.00014217,0.00014217,173324.0
2018-01-27 23:59:59,0.00014233,0.00014284,0.00013888,0.00014016,0.00014016,187396.0
2018-01-28 00:59:59,0.00014016,0.00014101,0.00013707,0.00014014,0.00014014,175531.0
2018-01-28 01:59:59,0.00014029,0.00014074,0.000137,0.000139,0.000139,225374.0
2018-01-28 02:59:59,0.00013911,0.00013911,0.00013701,0.00013725,0.00013725,257706.0
2018-01-28 03:59:59,0.00013733,0.00014255,0.000135,0.00013669,0.00013669,530892.0
2018-01-28 04:59:59,0.00013652,0.00013899,0.00013588,0.00013588,0.00013588,275216.0
2018-01-28 05:59:59,0.00013542,0.00013617,0.00013335,0.00013561,0.00013561,276401.0
2018-01-28 06:59:59,0.00013548,0.00013998,0.00013508,0.00013795,0.00013795,454311.0
2018-01-28 07:59:59,0.00013833,0.00013909,0.00013704,0.00013756,0.00013756,211668.0
2018-01-28 08:59:59,0.00013747,0.0001414,0.00013747,0.00013953,0.00013953,340830.0
2018-01-28 09:59:59,0.00013944,0.00013956,0.00013754,0.00013771,0.00013771,180566.0
2018-01-28 10:59:59,0.00013785,0.00013786,0.00013251,0.00013647,0.00013647,221214.0
2018-01-28 11:59:59,0.00013673,0.00013771,0.00013427,0.00013533,0.00013533,140550.0
2018-01-28 12:59:59,0.00013563,0.00013595,0.000134,0.00013404,0.00013404,244931.0
2018-01-28 13:59:59,0.00013403,0.00013511,0.0001335,0.00013473,0.00013473,109048.0
2018-01-28 14:59:59,0.00013473,0.00013881,0.00013419,0.00013764,0.00013764,449011.0
2018-01-28 15:59:59,0.00013765,0.00013814,0.00013421,0.00013604,0.00013604,238513.0
2018-01-28 16:59:59,0.00013616,0.00013731,0.0001352,0.00013583,0.00013583,210028.0
2018-01-28 17:59:59,0.00013599,0.00013766,0.00013531,0.00013727,0.00013727,112858.0
2018-01-28 18:59:59,0.0001373,0.0001376,0.000134,0.00013499,0.00013499,180060.0
2018-01-28 19:59:59,0.000135,0.00013576,0.00013401,0.00013497,0.00013497,191167.0
2018-01-28 20:59:59,0.00013491,0.00013589,0.00013484,0.00013585,0.00013585,224116.0
2018-01-28 21:59:59,0.00013583,0.00013639,0.00013507,0.00013516,0.00013516,44679.0
2018-01-28 22:59:59,0.00013508,0.00013638,0.00013464,0.00013573,0.00013573,155659.0
2018-01-28 23:59:59,0.0001358,0.00013601,0.00013335,0.00013476,0.00013476,225210.0
2018-01-29 00:59:59,0.00013398,0.00013538,0.00013338,0.00013384,0.00013384,257829.0
2018-01-29 01:59:59,0.000134,0.00013468,0.000132,0.00013274,0.00013274,457195.0
2018-01-29 02:59:59,0.0001329,0.00013374,0.00013187,0.00013271,0.00013271,233385.0
2018-01-29 03:59:59,0.00013285,0.00013373,0.0001298,0.00013063,0.00013063,304433.0
2018-01-29 04:59:59,0.00013058,0.00013247,0.00012983,0.00013148,0.00013148,456149.0
2018-01-29 05:59:59,0.00013124,0.00013129,0.00012888,0.00013012,0.00013012,332273.0
2018-01-29 06:59:59,0.00013042,0.00013042,0.00012899,0.00013015,0.00013015,133465.0
2018-01-29 07:59:59,0.00013028,0.00013085,0.0001296,0.0001298,0.0001298,234631.0
2018-01-29 08:59:59,0.0001298,0.00013043,0.00012843,0.00012908,0.00012908,297819.0
2018-01-29 09:59:59,0.00012924,0.00013006,0.0001281,0.00012864,0.00012864,176096.0
2018-01-29 10:59:59,0.00012864,0.0001288,0.00012711,0.00012842,0.00012842,203691.0
2018-01-29 11:59:59,0.00012842,0.00012923,0.00012781,0.00012923,0.00012923,435699.0
2018-01-29 12:59:59,0.00012894,0.00013198,0.00012894,0.00012949,0.00012949,301212.0
2018-01-29 13:59:59,0.00012949,0.000132,0.00012925,0.00013099,0.00013099,423733.0
2018-01-29 14:59:59,0.00013129,0.00013146,0.00012925,0.00013105,0.00013105,215951.0
2018-01-29 15:59:59,0.00013081,0.000132,0.00013077,0.000132,0.000132,234796.0
2018-01-29 16:59:59,0.00013179,0.000136,0.00013154,0.00013246,0.00013246,264630.0
2018-01-29 17:59:59,0.0001325,0.00013315,0.00013133,0.00013161,0.00013161,187721.0
2018-01-29 18:59:59,0.0001316,0.00013295,0.000131,0.00013104,0.00013104,286857.0
2018-01-29 19:59:59,0.00013104,0.0001314,0.00012984,0.00013055,0.00013055,260934.0
2018-01-29 20:59:59,0.00013055,0.00013137,0.00013038,0.00013054,0.00013054,125800.0
2018-01-29 21:59:59,0.00013075,0.00013075,0.00012821,0.000129,0.000129,181640.0
2018-01-29 22:59:59,0.00012875,0.00013023,0.00012874,0.00012955,0.00012955,199896.0
2018-01-29 23:59:59,0.00012937,0.00012984,0.000129,0.0001297,0.0001297,196788.0
2018-01-30 00:59:59,0.0001297,0.00013244,0.000128,0.00013161,0.00013161,226089.0
2018-01-30 01:59:59,0.00013161,0.00013485,0.0001308,0.0001308,0.0001308,317599.0
2018-01-30 02:59:59,0.00013081,0.00013128,0.000125,0.00012895,0.00012895,244579.0
2018-01-30 03:59:59,0.0001289,0.0001295,0.0001285,0.00012872,0.00012872,295713.0
2018-01-30 04:59:59,0.00012872,0.00012942,0.0001285,0.00012854,0.00012854,170972.0
2018-01-30 05:59:59,0.00012843,0.00012875,0.00012691,0.00012875,0.00012875,313685.0
2018-01-30 06:59:59,0.00012778,0.0001295,0.00012778,0.00012837,0.00012837,349560.0
2018-01-30 07:59:59,0.00012832,0.00012886,0.0001265,0.00012742,0.00012742,256948.0
2018-01-30 08:59:59,0.00012705,0.00012756,0.000126,0.00012669,0.00012669,317673.0
2018-01-30 09:59:59,0.0001267,0.00012734,0.00012626,0.00012704,0.00012704,282181.0
2018-01-30 10:59:59,0.00012732,0.00012739,0.000126,0.00012635,0.00012635,343983.0
2018-01-30 11:59:59,0.00012611,0.00012636,0.00012497,0.00012564,0.00012564,249438.0
2018-01-30 12:59:59,0.00012551,0.00012581,0.000124,0.00012486,0.00012486,251680.0
2018-01-30 13:59:59,0.00012477,0.00012574,0.0001234,0.00012377,0.00012377,288765.0
2018-01-30 14:59:59,0.00012407,0.000127,0.0001234,0.00012692,0.00012692,352715.0
2018-01-30 15:59:59,0.00012692,0.000135,0.00012623,0.00012959,0.00012959,403972.0
2018-01-30 16:59:59,0.00012959,0.00013041,0.000122,0.000122,0.000122,236778.0
2018-01-30 17:59:59,0.00012201,0.0001247,0.00012033,0.00012469,0.00012469,266563.0
2018-01-30 18:59:59,0.00012469,0.00012504,0.00012411,0.00012434,0.00012434,117610.0
2018-01-30 19:59:59,0.00012446,0.00012469,0.00012105,0.0001236,0.0001236,98020.0
2018-01-30 20:59:59,0.0001234,0.00012514,0.00012318,0.0001246,0.0001246,163701.0
2018-01-30 21:59:59,0.00012447,0.00012606,0.00012305,0.00012525,0.00012525,182196.0
2018-01-30 22:59:59,0.00012528,0.00012697,0.00012435,0.00012452,0.00012452,79646.0
2018-01-30 23:59:59,0.00012434,0.00012454,0.00012121,0.00012261,0.00012261,267748.0
2018-01-31 00:59:59,0.00012255,0.00012407,0.00012255,0.00012407,0.00012407,318529.0
2018-01-31 01:59:59,0.00012407,0.000127,0.0001236,0.00012515,0.00012515,319548.0
2018-01-31 02:59:59,0.00012516,0.0001275,0.00012516,0.00012646,0.00012646,478457.0
2018-01-31 03:59:59,0.00012649,0.00012833,0.00012371,0.00012493,0.00012493,156104.0
2018-01-31 04:59:59,0.00012484,0.00012586,0.00012401,0.00012485,0.00012485,248429.0
2018-01-31 05:59:59,0.0001247,0.00012525,0.00012401,0.00012479,0.00012479,218679.0
2018-01-31 06:59:59,0.0001246,0.00012764,0.00012456,0.0001262,0.0001262,143382.0
2018-01-31 07:59:59,0.00012649,0.00012663,0.00012479,0.00012479,0.00012479,253354.0
2018-01-31 08:59:59,0.0001248,0.00012522,0.00012181,0.00012436,0.00012436,249975.0
2018-01-31 09:59:59,0.00012455,0.00012529,0.00012303,0.00012486,0.00012486,306324.0
2018-01-31 10:59:59,0.00012479,0.00012502,0.00012403,0.00012456,0.00012456,193327.0
2018-01-31 11:59:59,0.00012424,0.0001254,0.000124,0.00012435,0.00012435,317947.0
2018-01-31 12:59:59,0.00012435,0.0001254,0.00012435,0.00012456,0.00012456,328459.0
2018-01-31 13:59:59,0.00012456,0.00012816,0.00012453,0.00012801,0.00012801,106897.0
2018-01-31 14:59:59,0.00012675,0.00012675,0.00012399,0.00012433,0.00012433,340148.0
2018-01-31 15:59:59,0.00012424,0.00012584,0.00012412,0.0001253,0.0001253,445490.0
2018-01-31 16:59:59,0.0001253,0.00012531,0.0001242,0.00012458,0.00012458,243037.0
2018-01-31 17:59:59,0.00012458,0.0001249,0.000124,0.00012401,0.00012401,175489.0
2018-01-31 18:59:59,0.00012406,0.00012672,0.00012399,0.00012668,0.00012668,164423.0
2018-01-31 19:59:59,0.00012669,0.00012739,0.00012532,0.0001256,0.0001256,135755.0
2018-01-31 20:59:59,0.0001256,0.00012797,0.0001256,0.00012732,0.00012732,268914.0
2018-01-31 21:59:59,0.00012733,0.00012854,0.00012595,0.00012653,0.00012653,86319.0
2018-01-31 22:59:59,0.00012654,0.00012817,0.00012625,0.00012752,0.00012752,412172.0
2018-01-31 23:59:59,0.00012752,0.00012854,0.00012678,0.00012796,0.00012796,361471.0
2018-02-01 00:59:59,0.00012796,0.000132,0.00012789,0.00013153,0.00013153,394973.0
2018-02-01 01:59:59,0.00013182,0.00013199,0.00012798,0.00012889,0.00012889,405367.0
2018-02-01 02:59:59,0.00012908,0.0001292,0.00012796,0.0001284,0.0001284,135229.0
2018-02-01 03:59:59,0.00012851,0.00012885,0.00012796,0.0001281,0.0001281,183556.0
2018-02-01 04:59:59,0.00012796,0.00012862,0.00012729,0.00012739,0.00012739,278787.0
2018-02-01 05:59:59,0.00012746,0.00012812,0.00012601,0.00012628,0.00012628,319211.0
2018-02-01 06:59:59,0.00012635,0.00012643,0.00012269,0.00012409,0.00012409,261573.0
2018-02-01 07:59:59,0.00012392,0.00012497,0.00012107,0.00012163,0.00012163,210558.0
2018-02-01 08:59:59,0.00012163,0.00012233,0.00012113,0.00012175,0.00012175,162837.0
2018-02-01 09:59:59,0.00012165,0.0001243,0.00012156,0.00012352,0.00012352,196900.0
2018-02-01 10:59:59,0.00012309,0.0001236,0.00012054,0.00012067,0.00012067,147041.0
2018-02-01 11:59:59,0.00012096,0.00012197,0.00012017,0.00012021,0.00012021,101209.0
2018-02-01 12:59:59,0.0001202,0.00012023,0.0001182,0.00011955,0.00011955,263670.0
2018-02-01 13:59:59,0.00011961,0.00012215,0.00011961,0.0001214,0.0001214,227302.0
2018-02-01 14:59:59,0.00012156,0.00012175,0.0001182,0.0001191,0.0001191,130899.0
2018-02-01 15:59:59,0.00011934,0.00011974,0.000117,0.00011813,0.00011813,227760.0
2018-02-01 16:59:59,0.00011808,0.00011897,0.00011805,0.00011877,0.00011877,188847.0
2018-02-01 17:59:59,0.00011877,0.00011884,0.000117,0.0001172,0.0001172,463443.0
2018-02-01 18:59:59,0.0001173,0.00012216,0.0001172,0.00012101,0.00012101,489795.0
2018-02-01 19:59:59,0.00012102,0.00012156,0.00011901,0.00011937,0.00011937,272510.0
2018-02-01 20:59:59,0.00011941,0.00011993,0.0001166,0.00011736,0.00011736,195917.0
2018-02-01 21:59:59,0.00011735,0.00011763,0.00011665,0.00011694,0.00011694,172737.0
2018-02-01 22:59:59,0.0001173,0.00011871,0.00011504,0.00011762,0.00011762,292084.0
2018-02-01 23:59:59,0.00011762,0.00012001,0.00011718,0.00011791,0.00011791,154437.0
2018-02-02 00:59:59,0.00011798,0.000118,0.00011685,0.00011721,0.00011721,291328.0
2018-02-02 01:59:59,0.00011695,0.00011757,0.00011693,0.00011752,0.00011752,147840.0
2018-02-02 02:59:59,0.00011751,0.0001178,0.00011699,0.00011699,0.00011699,588310.0
2018-02-02 03:59:59,0.00011695,0.00012001,0.00011666,0.00011785,0.00011785,308161.0
2018-02-02 04:59:59,0.00011783,0.00011783,0.00011216,0.0001159,0.0001159,313499.0
2018-02-02 05:59:59,0.0001159,0.00011739,0.00011503,0.00011529,0.00011529,191519.0
2018-02-02 06:59:59,0.00011503,0.00011621,0.00011401,0.00011422,0.00011422,339201.0
2018-02-02 07:59:59,0.00011422,0.00011465,0.00011147,0.00011361,0.00011361,137240.0
2018-02-02 08:59:59,0.00011361,0.00011399,0.00011208,0.00011269,0.00011269,132961.0
2018-02-02 09:59:59,0.0001126,0.00011269,0.00011,0.00011,0.00011,416064.0
2018-02-02 10:59:59,0.00011,0.00011044,0.00010152,0.00010364,0.00010364,384185.0
2018-02-02 11:59:59,0.00010354,0.0001127,0.00010353,0.00011178,0.00011178,478954.0
2018-02-02 12:59:59,0.00011266,0.0001127,0.00010991,0.00011157,0.00011157,329881.0
2018-02-02 13:59:59,0.00011155,0.0001127,0.00010981,0.0001127,0.0001127,104448.0
2018-02-02 14:59:59,0.0001122,0.00011564,0.00011202,0.00011437,0.00011437,373342.0
2018-02-02 15:59:59,0.00011384,0.0001165,0.00011328,0.00011516,0.00011516,179823.0
2018-02-02 16:59:59,0.0001157,0.00011601,0.00011355,0.00011415,0.00011415,136047.0
2018-02-02 17:59:59,0.00011411,0.00011412,0.00011107,0.00011166,0.00011166,314235.0
2018-02-02 18:59:59,0.00011155,0.0001128,0.00011001,0.00011115,0.00011115,271824.0
2018-02-02 19:59:59,0.00011114,0.00011276,0.00011049,0.000112,0.000112,93991.0
2018-02-02 20:59:59,0.0001121,0.00011281,0.00011088,0.00011216,0.00011216,73066.0
2018-02-02 21:59:59,0.00011217,0.00011339,0.00011212,0.00011334,0.00011334,82049.0
2018-02-02 22:59:59,0.00011332,0.00011597,0.00011331,0.00011466,0.00011466,145245.0
2018-02-02 23:59:59,0.00011413,0.00011598,0.00011412,0.00011562,0.00011562,338989.0
2018-02-03 00:59:59,0.00011555,0.00011619,0.0001148,0.00011613,0.00011613,357361.0
2018-02-03 01:59:59,0.00011612,0.00011645,0.000112,0.00011313,0.00011313,416634.0
2018-02-03 02:59:59,0.00011306,0.00011329,0.00011151,0.00011314,0.00011314,306315.0
2018-02-03 03:59:59,0.00011311,0.00011405,0.00011286,0.00011378,0.00011378,255855.0
2018-02-03 04:59:59,0.00011415,0.00011644,0.00011371,0.00011408,0.00011408,226440.0
2018-02-03 05:59:59,0.0001141,0.00011429,0.00011332,0.00011405,0.00011405,52116.0
2018-02-03 06:59:59,0.00011404,0.00011664,0.00011384,0.0001162,0.0001162,280568.0
2018-02-03 07:59:59,0.00011641,0.00011764,0.00011462,0.00011663,0.00011663,239848.0
2018-02-03 08:59:59,0.0001173,0.00011781,0.00011663,0.00011756,0.00011756,238086.0
2018-02-03 09:59:59,0.00011758,0.00011824,0.00011708,0.00011732,0.00011732,377646.0
2018-02-03 10:59:59,0.00011718,0.00011819,0.00011715,0.00011751,0.00011751,121936.0
2018-02-03 11:59:59,0.00011746,0.000119,0.00011743,0.00011888,0.00011888,278735.0
2018-02-03 12:59:59,0.00011891,0.00011955,0.00011781,0.00011902,0.00011902,285663.0
2018-02-03 13:59:59,0.00011913,0.00012481,0.00011884,0.00012035,0.00012035,449602.0
2018-02-03 14:59:59,0.00012022,0.000127,0.0001201,0.00012365,0.00012365,323352.0
2018-02-03 15:59:59,0.00012369,0.000125,0.0001223,0.0001243,0.0001243,382484.0
2018-02-03 16:59:59,0.00012425,0.00012459,0.00012133,0.0001227,0.0001227,238086.0
2018-02-03 17:59:59,0.00012251,0.00012456,0.0001219,0.00012399,0.00012399,290626.0
2018-02-03 18:59:59,0.00012312,0.00012479,0.00012229,0.00012314,0.00012314,318112.0
2018-02-03 19:59:59,0.00012313,0.00012463,0.00012248,0.00012395,0.00012395,168346.0
2018-02-03 20:59:59,0.00012395,0.00012462,0.00012096,0.00012204,0.00012204,229622.0
2018-02-03 21:59:59,0.00012204,0.00012273,0.00012115,0.00012157,0.00012157,75803.0
2018-02-03 22:59:59,0.00012141,0.00012273,0.00011991,0.00012031,0.00012031,134365.0
2018-02-03 23:59:59,0.00012031,0.00012095,0.0001188,0.00011935,0.00011935,247738.0
2018-02-04 00:59:59,0.00011955,0.0001198,0.00011868,0.00011898,0.00011898,204938.0
2018-02-04 01:59:59,0.00011889,0.00012021,0.00011876,0.00011961,0.00011961,227786.0
2018-02-04 02:59:59,0.00011967,0.00012024,0.00011901,0.00011938,0.00011938,390379.0
2018-02-04 03:59:59,0.00011938,0.00011973,0.00011844,0.00011875,0.00011875,224686.0
2018-02-04 04:59:59,0.00011871,0.00011961,0.00011841,0.00011937,0.00011937,202870.0
2018-02-04 05:59:59,0.00011934,0.000121,0.00011905,0.00012055,0.00012055,295039.0
2018-02-04 06:59:59,0.00012055,0.00012384,0.00012055,0.0001217,0.0001217,257617.0
2018-02-04 07:59:59,0.0001217,0.00012214,0.00011879,0.00011879,0.00011879,291800.0
2018-02-04 08:59:59,0.00011881,0.00011943,0.00011802,0.0001186,0.0001186,389836.0
2018-02-04 09:59:59,0.00011859,0.00011903,0.00011733,0.00011735,0.00011735,293087.0
2018-02-04 10:59:59,0.00011738,0.00011738,0.000112,0.00011563,0.00011563,294307.0
2018-02-04 11:59:59,0.00011546,0.00011565,0.00011259,0.00011319,0.00011319,231944.0
2018-02-04 12:59:59,0.0001133,0.00011896,0.00011307,0.00011896,0.00011896,197921.0
2018-02-04 13:59:59,0.00011896,0.00011937,0.00011777,0.00011837,0.00011837,367113.0
2018-02-04 14:59:59,0.0001184,0.0001184,0.00011603,0.00011641,0.00011641,411631.0
2018-02-04 15:59:59,0.00011651,0.00011931,0.00011642,0.00011919,0.00011919,255805.0
2018-02-04 16:59:59,0.00011907,0.00011933,0.00011783,0.00011783,0.00011783,196824.0
2018-02-04 17:59:59,0.00011797,0.00011797,0.00011627,0.0001175,0.0001175,226295.0
2018-02-04 18:59:59,0.00011752,0.00011786,0.00011643,0.00011683,0.00011683,114794.0
2018-02-04 19:59:59,0.00011683,0.00011863,0.00011501,0.00011683,0.00011683,100233.0
2018-02-04 20:59:59,0.00011684,0.00011719,0.00011512,0.00011584,0.00011584,204318.0
2018-02-04 21:59:59,0.00011571,0.00011695,0.00011336,0.00011457,0.00011457,203025.0
2018-02-04 22:59:59,0.00011457,0.00011465,0.00011266,0.00011358,0.00011358,168629.0
2018-02-04 23:59:59,0.00011354,0.00011387,0.000112,0.00011231,0.00011231,246912.0
2018-02-05 00:59:59,0.00011238,0.00011325,0.0001103,0.00011231,0.00011231,137108.0
2018-02-05 01:59:59,0.00011239,0.00011283,0.00011164,0.00011183,0.00011183,188981.0
2018-02-05 02:59:59,0.00011168,0.00011181,0.00011105,0.00011112,0.00011112,247351.0
2018-02-05 03:59:59,0.00011135,0.00011242,0.0001109,0.00011169,0.00011169,168001.0
2018-02-05 04:59:59,0.00011168,0.00011224,0.00011166,0.00011219,0.00011219,111308.0
2018-02-05 05:59:59,0.00011219,0.00011224,0.000111,0.00011148,0.00011148,161147.0
2018-02-05 06:59:59,0.00011148,0.00011148,0.00011025,0.00011097,0.00011097,44315.0
2018-02-05 07:59:59,0.00011097,0.0001111,0.00011015,0.00011067,0.00011067,55771.0
2018-02-05 08:59:59,0.00011075,0.00011075,0.000109,0.00010916,0.00010916,252897.0
2018-02-05 09:59:59,0.00010932,0.00011015,0.00010767,0.00010767,0.00010767,467350.0
2018-02-05 10:59:59,0.00010739,0.00010801,0.00010352,0.0001063,0.0001063,360937.0
2018-02-05 11:59:59,0.00010622,0.00010709,0.00010506,0.00010582,0.00010582,316129.0
2018-02-05 12:59:59,0.00010596,0.00010609,0.00010185,0.00010269,0.00010269,469215.0
2018-02-05 13:59:59,0.00010269,0.00010269,9.97e-05,0.00010123,0.00010123,575586.0
2018-02-05 14:59:59,0.00010143,0.00010494,9.9e-05,0.00010122,0.00010122,326502.0
2018-02-05 15:59:59,0.00010121,0.00010181,9.902e-05,9.909e-05,9.909e-05,229385.0
2018-02-05 16:59:59,9.9e-05,9.9e-05,9.6e-05,9.651e-05,9.651e-05,279567.0
2018-02-05 17:59:59,9.633e-05,9.7e-05,9.507e-05,9.623e-05,9.623e-05,328259.0
2018-02-05 18:59:59,9.638e-05,0.00011,9.638e-05,0.00010477,0.00010477,277451.0
2018-02-05 19:59:59,0.00010477,0.0001091,0.00010173,0.00010517,0.00010517,479437.0
2018-02-05 20:59:59,0.00010532,0.00010742,0.00010367,0.00010559,0.00010559,137218.0
2018-02-05 21:59:59,0.00010595,0.00010639,0.00010401,0.00010526,0.00010526,176377.0
2018-02-05 22:59:59,0.00010503,0.00010526,0.00010247,0.00010351,0.00010351,356213.0
2018-02-05 23:59:59,0.00010356,0.00010435,0.0001028,0.00010339,0.00010339,289418.0
2018-02-06 00:59:59,0.00010335,0.00010335,9.625e-05,9.647e-05,9.647e-05,198893.0
2018-02-06 01:59:59,9.632e-05,9.707e-05,9.5e-05,9.5e-05,9.5e-05,215947.0
2018-02-06 02:59:59,9.5e-05,9.501e-05,9.203e-05,9.215e-05,9.215e-05,88470.0
2018-02-06 03:59:59,9.205e-05,9.6e-05,9.145e-05,9.348e-05,9.348e-05,209766.0
2018-02-06 04:59:59,9.324e-05,0.00011,9.022e-05,9.868e-05,9.868e-05,304004.0
2018-02-06 05:59:59,9.868e-05,0.00010045,9.754e-05,9.979e-05,9.979e-05,56932.0
2018-02-06 06:59:59,9.979e-05,0.0001004,9.909e-05,0.00010031,0.00010031,176492.0
2018-02-06 07:59:59,0.00010026,0.00010427,9.907e-05,0.00010228,0.00010228,306033.0
2018-02-06 08:59:59,0.00010218,0.00010426,9.894e-05,0.00010177,0.00010177,279855.0
2018-02-06 09:59:59,0.00010155,0.00010155,9.739e-05,0.00010067,0.00010067,262933.0
2018-02-06 10:59:59,0.00010071,0.00010261,0.00010066,0.00010221,0.00010221,288429.0
2018-02-06 11:59:59,0.0001024,0.00010639,0.00010221,0.00010639,0.00010639,302691.0
2018-02-06 12:59:59,0.00010645,0.00010726,0.00010421,0.00010598,0.00010598,349792.0
2018-02-06 13:59:59,0.00010597,0.00010846,0.00010435,0.00010692,0.00010692,240857.0
2018-02-06 14:59:59,0.00010696,0.00010697,0.00010452,0.00010489,0.00010489,468409.0
2018-02-06 15:59:59,0.00010489,0.00010685,0.00010482,0.00010641,0.00010641,284005.0
2018-02-06 16:59:59,0.00010647,0.00010681,0.00010505,0.00010675,0.00010675,86106.0
2018-02-06 17:59:59,0.00010679,0.00010799,0.00010671,0.00010767,0.00010767,72535.0
2018-02-06 18:59:59,0.00010766,0.00011111,0.00010677,0.00010924,0.00010924,306474.0
2018-02-06 19:59:59,0.00010948,0.00011109,0.000108,0.00010984,0.00010984,320707.0
2018-02-06 20:59:59,0.00010985,0.00010989,0.00010449,0.00010534,0.00010534,407429.0
2018-02-06 21:59:59,0.00010534,0.00010812,0.00010511,0.00010792,0.00010792,444491.0
2018-02-06 22:59:59,0.00010789,0.00010804,0.0001062,0.00010634,0.00010634,349414.0
2018-02-06 23:59:59,0.00010634,0.0001065,0.00010365,0.00010608,0.00010608,387030.0
2018-02-07 00:59:59,0.00010611,0.00010687,0.0001046,0.00010478,0.00010478,511193.0
2018-02-07 01:59:59,0.00010478,0.00010641,0.0001039,0.00010581,0.00010581,488578.0
2018-02-07 02:59:59,0.00010581,0.00010686,0.00010364,0.00010571,0.00010571,448285.0
2018-02-07 03:59:59,0.00010599,0.00010599,0.00010436,0.00010491,0.00010491,416729.0
2018-02-07 04:59:59,0.00010492,0.00010543,0.00010304,0.00010462,0.00010462,352209.0
2018-02-07 05:59:59,0.00010463,0.00010482,0.00010425,0.00010478,0.00010478,189913.0
2018-02-07 06:59:59,0.00010479,0.00010694,0.00010424,0.0001046,0.0001046,344581.0
2018-02-07 07:59:59,0.00010464,0.00010581,0.00010363,0.00010527,0.00010527,226253.0
2018-02-07 08:59:59,0.00010529,0.0001128,0.00010529,0.00010734,0.00010734,395619.0
2018-02-07 09:59:59,0.00010723,0.00010859,0.00010577,0.0001074,0.0001074,165514.0
2018-02-07 10:59:59,0.0001074,0.00010803,0.00010439,0.00010577,0.00010577,192254.0
2018-02-07 11:59:59,0.00010577,0.00010762,0.00010542,0.00010583,0.00010583,156499.0
2018-02-07 12:59:59,0.00010582,0.00010588,0.00010121,0.00010443,0.00010443,303991.0
2018-02-07 13:59:59,0.00010443,0.00010443,0.00010129,0.00010386,0.00010386,171929.0
2018-02-07 14:59:59,0.00010387,0.00010439,0.00010259,0.0001039,0.0001039,162891.0
2018-02-07 15:59:59,0.00010389,0.00010483,0.00010381,0.00010439,0.00010439,184101.0
2018-02-07 16:59:59,0.00010429,0.00010515,0.000103,0.00010395,0.00010395,185698.0
2018-02-07 17:59:59,0.00010395,0.0001051,0.00010394,0.00010421,0.00010421,84539.0
2018-02-07 18:59:59,0.0001045,0.0001045,0.00010353,0.00010415,0.00010415,29858.0
2018-02-07 19:59:59,0.00010415,0.00010441,0.0001039,0.00010411,0.00010411,39198.0
2018-02-07 20:59:59,0.00010412,0.00010485,0.0001038,0.00010385,0.00010385,262138.0
2018-02-07 21:59:59,0.00010384,0.00010488,0.00010379,0.00010469,0.00010469,108236.0
2018-02-07 22:28:17,0.00010488,0.00010501,0.0001045,0.00010488,0.00010488,110153.0
2018-02-09 08:28:17,0.00010479,0.00010822,0.0001,0.0001051,0.0001051,212035.0
2018-02-09 09:28:17,0.00010492,0.00010584,0.00010333,0.00010494,0.00010494,191669.0
2018-02-09 10:28:17,0.00010471,0.00010567,0.00010022,0.00010376,0.00010376,70157.0
2018-02-09 11:28:17,0.00010388,0.00010453,0.00010205,0.00010275,0.00010275,245126.0
2018-02-09 12:28:17,0.00010286,0.00010301,0.0001,0.0001014,0.0001014,303759.0
2018-02-09 13:28:17,0.00010131,0.00010501,0.00010111,0.00010454,0.00010454,253186.0
2018-02-09 14:28:17,0.00010454,0.00010591,0.00010342,0.00010457,0.00010457,213229.0
2018-02-09 15:28:17,0.00010463,0.0001054,0.00010342,0.00010379,0.00010379,285590.0
2018-02-09 16:28:17,0.00010366,0.00010406,0.000103,0.0001034,0.0001034,168240.0
2018-02-09 17:28:17,0.00010341,0.00010371,0.00010243,0.0001026,0.0001026,330532.0
2018-02-09 18:28:17,0.00010263,0.0001032,0.00010246,0.00010319,0.00010319,121277.0
2018-02-09 19:28:17,0.00010294,0.00010345,0.00010268,0.00010286,0.00010286,164035.0
2018-02-09 20:28:17,0.00010292,0.00010349,0.00010285,0.00010301,0.00010301,218456.0
2018-02-09 21:28:17,0.00010301,0.0001031,0.00010253,0.00010302,0.00010302,332091.0
2018-02-09 22:28:17,0.00010302,0.0001031,0.0001024,0.00010243,0.00010243,126856.0
2018-02-09 23:28:17,0.00010243,0.0001031,0.00010201,0.00010249,0.00010249,360410.0
2018-02-10 00:28:17,0.0001024,0.00010296,9.95e-05,9.958e-05,9.958e-05,376402.0
2018-02-10 01:28:17,0.00010144,0.00010216,9.1e-05,0.00010104,0.00010104,549320.0
2018-02-10 02:28:17,0.00010107,0.00010171,0.0001,0.00010064,0.00010064,248659.0
2018-02-10 03:28:17,0.00010091,0.00010122,0.0001003,0.00010116,0.00010116,283945.0
2018-02-10 04:28:17,0.00010118,0.00010278,0.0001007,0.00010199,0.00010199,234397.0
2018-02-10 05:28:17,0.00010176,0.00010266,0.00010151,0.00010242,0.00010242,203444.0
2018-02-10 06:28:17,0.00010246,0.00010276,0.00010109,0.00010136,0.00010136,117936.0
2018-02-10 07:28:17,0.00010151,0.00010158,0.000101,0.00010151,0.00010151,335021.0
2018-02-10 08:28:17,0.00010148,0.00010157,0.00010015,0.00010112,0.00010112,375993.0
2018-02-10 09:28:17,0.00010093,0.00010135,9.782e-05,9.919e-05,9.919e-05,308054.0
2018-02-10 10:28:17,9.959e-05,0.0001007,9.888e-05,0.00010011,0.00010011,162308.0
2018-02-10 11:28:17,0.0001001,0.00010052,9.999e-05,0.00010006,0.00010006,324454.0
2018-02-10 12:28:17,0.00010006,0.00010042,9.869e-05,0.00010012,0.00010012,389091.0
2018-02-10 13:28:17,0.00010015,0.0001002,9.9e-05,9.914e-05,9.914e-05,189549.0
2018-02-10 14:28:17,9.907e-05,9.907e-05,9.582e-05,9.747e-05,9.747e-05,359561.0
2018-02-10 15:28:17,9.739e-05,9.739e-05,9.402e-05,9.505e-05,9.505e-05,232549.0
2018-02-10 16:28:17,9.47e-05,9.9e-05,9.401e-05,9.664e-05,9.664e-05,103030.0
2018-02-10 17:28:17,9.646e-05,9.737e-05,9.424e-05,9.489e-05,9.489e-05,295784.0
2018-02-10 18:28:17,9.488e-05,9.565e-05,9.401e-05,9.468e-05,9.468e-05,386797.0
2018-02-10 19:28:17,9.446e-05,9.529e-05,9.347e-05,9.397e-05,9.397e-05,271552.0
2018-02-10 20:28:17,9.412e-05,9.542e-05,9.267e-05,9.422e-05,9.422e-05,238754.0
2018-02-10 21:28:17,9.422e-05,9.635e-05,9.376e-05,9.546e-05,9.546e-05,254015.0
2018-02-10 22:28:17,9.521e-05,9.653e-05,9.438e-05,9.452e-05,9.452e-05,462464.0
2018-02-10 23:28:17,9.472e-05,9.472e-05,9.435e-05,9.456e-05,9.456e-05,302568.0
2018-02-11 00:28:17,9.461e-05,9.497e-05,9.442e-05,9.492e-05,9.492e-05,339287.0
2018-02-11 01:28:17,9.472e-05,9.497e-05,9.416e-05,9.451e-05,9.451e-05,218366.0
2018-02-11 02:00:00,9.451e-05,9.463e-05,9.307e-05,9.387e-05,9.387e-05,262773.0
2018-02-11 02:59:59,9.379e-05,9.419e-05,9.277e-05,9.352e-05,9.352e-05,146917.0
2018-02-11 03:59:59,9.352e-05,9.402e-05,9.2e-05,9.4e-05,9.4e-05,190752.0
2018-02-11 04:59:59,9.401e-05,9.506e-05,9.4e-05,9.435e-05,9.435e-05,187833.0
2018-02-11 05:59:59,9.456e-05,9.456e-05,9.207e-05,9.32e-05,9.32e-05,209367.0
2018-02-11 06:59:59,9.302e-05,9.491e-05,9.302e-05,9.402e-05,9.402e-05,117000.0
2018-02-11 07:59:59,9.385e-05,9.422e-05,9.314e-05,9.341e-05,9.341e-05,413351.0
2018-02-11 08:59:59,9.34e-05,9.417e-05,9.222e-05,9.365e-05,9.365e-05,293568.0
2018-02-11 09:59:59,9.364e-05,9.638e-05,9.364e-05,9.502e-05,9.502e-05,369903.0
2018-02-11 10:59:59,9.502e-05,9.654e-05,9.502e-05,9.629e-05,9.629e-05,101840.0
2018-02-11 11:59:59,9.621e-05,9.687e-05,9.075e-05,9.377e-05,9.377e-05,282804.0
2018-02-11 12:59:59,9.335e-05,9.397e-05,8.501e-05,9.322e-05,9.322e-05,400884.0
2018-02-11 13:59:59,9.344e-05,9.397e-05,8.712e-05,9.343e-05,9.343e-05,396780.0
2018-02-11 14:59:59,9.326e-05,9.43e-05,9.276e-05,9.376e-05,9.376e-05,263644.0
2018-02-11 15:59:59,9.376e-05,9.46e-05,9.36e-05,9.398e-05,9.398e-05,265435.0
2018-02-11 16:59:59,9.4e-05,9.483e-05,9.361e-05,9.43e-05,9.43e-05,362234.0
2018-02-11 17:59:59,9.429e-05,9.485e-05,9.363e-05,9.433e-05,9.433e-05,343191.0
2018-02-11 18:59:59,9.432e-05,9.529e-05,9.39e-05,9.44e-05,9.44e-05,203320.0
2018-02-11 19:59:59,9.437e-05,9.544e-05,9.432e-05,9.458e-05,9.458e-05,303965.0
2018-02-11 20:59:59,9.465e-05,9.599e-05,9.45e-05,9.599e-05,9.599e-05,176546.0
2018-02-11 21:59:59,9.546e-05,9.691e-05,9.456e-05,9.498e-05,9.498e-05,263367.0
2018-02-11 22:59:59,9.484e-05,9.823e-05,9.484e-05,9.649e-05,9.649e-05,171388.0
2018-02-11 23:59:59,9.66e-05,9.852e-05,9.636e-05,9.805e-05,9.805e-05,379980.0
2018-02-12 00:59:59,9.805e-05,9.877e-05,9.668e-05,9.785e-05,9.785e-05,181242.0
2018-02-12 01:59:59,9.78e-05,9.959e-05,9.78e-05,9.813e-05,9.813e-05,268178.0
2018-02-12 02:59:59,9.84e-05,9.858e-05,9.782e-05,9.788e-05,9.788e-05,302270.0
2018-02-12 03:59:59,9.784e-05,9.96e-05,9.784e-05,9.839e-05,9.839e-05,322676.0
2018-02-12 04:59:59,9.839e-05,9.88e-05,9.802e-05,9.841e-05,9.841e-05,158091.0
2018-02-12 05:59:59,9.839e-05,0.0001,9.838e-05,9.972e-05,9.972e-05,212346.0
2018-02-12 06:59:59,9.972e-05,9.995e-05,9.868e-05,9.96e-05,9.96e-05,362668.0
2018-02-12 07:59:59,9.961e-05,0.00010052,9.958e-05,0.00010029,0.00010029,369071.0
2018-02-12 08:59:59,0.00010032,0.00010125,9.958e-05,9.959e-05,9.959e-05,256619.0
2018-02-12 09:59:59,9.959e-05,0.000101,9.805e-05,0.00010017,0.00010017,280555.0
2018-02-12 10:59:59,0.00010021,0.00010021,9.856e-05,9.939e-05,9.939e-05,115734.0
2018-02-12 11:59:59,9.94e-05,9.983e-05,9.856e-05,9.925e-05,9.925e-05,166119.0
2018-02-12 12:59:59,9.92e-05,9.92e-05,9.647e-05,9.772e-05,9.772e-05,262201.0
2018-02-12 13:59:59,9.76e-05,9.899e-05,9.5e-05,9.878e-05,9.878e-05,179963.0
2018-02-12 14:59:59,9.883e-05,0.00010013,9.799e-05,9.887e-05,9.887e-05,377123.0
2018-02-12 15:59:59,9.893e-05,0.00010099,9.763e-05,9.816e-05,9.816e-05,248116.0
2018-02-12 16:59:59,9.802e-05,9.86e-05,9.652e-05,9.75e-05,9.75e-05,318568.0
2018-02-12 17:59:59,9.768e-05,9.865e-05,9.586e-05,9.733e-05,9.733e-05,203682.0
2018-02-12 18:59:59,9.71e-05,9.764e-05,9.599e-05,9.748e-05,9.748e-05,161587.0
2018-02-12 19:59:59,9.736e-05,9.898e-05,9.712e-05,9.806e-05,9.806e-05,295132.0
2018-02-12 20:59:59,9.806e-05,9.829e-05,9.635e-05,9.674e-05,9.674e-05,251475.0
2018-02-12 21:59:59,9.662e-05,9.9e-05,9.653e-05,9.783e-05,9.783e-05,159676.0
2018-02-12 22:59:59,9.774e-05,9.793e-05,9.709e-05,9.763e-05,9.763e-05,122657.0
2018-02-12 23:59:59,9.763e-05,9.871e-05,9.762e-05,9.85e-05,9.85e-05,193178.0
2018-02-13 00:59:59,9.847e-05,9.9e-05,9.833e-05,9.845e-05,9.845e-05,266044.0
2018-02-13 01:59:59,9.842e-05,9.95e-05,9.834e-05,9.865e-05,9.865e-05,340343.0
2018-02-13 02:59:59,9.883e-05,9.92e-05,9.8e-05,9.84e-05,9.84e-05,254817.0
2018-02-13 03:59:59,9.839e-05,9.864e-05,9.661e-05,9.68e-05,9.68e-05,239026.0
2018-02-13 04:59:59,9.684e-05,9.727e-05,9.607e-05,9.69e-05,9.69e-05,193107.0
2018-02-13 05:59:59,9.693e-05,9.729e-05,9.579e-05,9.635e-05,9.635e-05,249828.0
2018-02-13 06:59:59,9.657e-05,9.801e-05,9.638e-05,9.776e-05,9.776e-05,468394.0
2018-02-13 07:59:59,9.764e-05,9.8e-05,9.61e-05,9.657e-05,9.657e-05,432399.0
2018-02-13 08:59:59,9.657e-05,9.767e-05,9.6e-05,9.665e-05,9.665e-05,281306.0
2018-02-13 09:59:59,9.669e-05,9.767e-05,9.654e-05,9.688e-05,9.688e-05,141756.0
2018-02-13 10:59:59,9.692e-05,9.7e-05,9.63e-05,9.647e-05,9.647e-05,183905.0
2018-02-13 11:59:59,9.647e-05,9.647e-05,9.578e-05,9.58e-05,9.58e-05,249577.0
2018-02-13 12:59:59,9.579e-05,9.582e-05,9.485e-05,9.53e-05,9.53e-05,71848.0
2018-02-13 13:59:59,9.525e-05,9.62e-05,9.503e-05,9.542e-05,9.542e-05,289532.0
2018-02-13 14:59:59,9.542e-05,9.683e-05,9.511e-05,9.599e-05,9.599e-05,222055.0
2018-02-13 15:59:59,9.597e-05,9.637e-05,9.532e-05,9.536e-05,9.536e-05,346641.0
2018-02-13 16:59:59,9.537e-05,9.541e-05,9.524e-05,9.527e-05,9.527e-05,239189.0
2018-02-13 17:59:59,9.528e-05,9.537e-05,9.401e-05,9.481e-05,9.481e-05,124105.0
2018-02-13 18:59:59,9.475e-05,9.499e-05,9.335e-05,9.406e-05,9.406e-05,203215.0
2018-02-13 19:59:59,9.406e-05,9.497e-05,9.3e-05,9.4e-05,9.4e-05,252114.0
2018-02-13 20:59:59,9.396e-05,9.401e-05,9.305e-05,9.325e-05,9.325e-05,340438.0
2018-02-13 21:59:59,9.329e-05,9.377e-05,9.3e-05,9.367e-05,9.367e-05,219547.0
2018-02-13 22:59:59,9.377e-05,9.377e-05,9.26e-05,9.331e-05,9.331e-05,99832.0
2018-02-13 23:59:59,9.314e-05,9.349e-05,9.208e-05,9.347e-05,9.347e-05,321385.0
2018-02-14 00:59:59,9.349e-05,9.377e-05,9.245e-05,9.305e-05,9.305e-05,62670.0
2018-02-14 01:59:59,9.305e-05,9.454e-05,9.236e-05,9.41e-05,9.41e-05,223342.0
2018-02-14 02:59:59,9.428e-05,9.6e-05,9.411e-05,9.479e-05,9.479e-05,199939.0
2018-02-14 03:59:59,9.45e-05,9.585e-05,9.322e-05,9.456e-05,9.456e-05,92125.0
2018-02-14 04:59:59,9.459e-05,9.7e-05,9.452e-05,9.5e-05,9.5e-05,322985.0
2018-02-14 05:59:59,9.501e-05,9.543e-05,9.46e-05,9.486e-05,9.486e-05,401676.0
2018-02-14 06:59:59,9.486e-05,9.52e-05,9.451e-05,9.459e-05,9.459e-05,212072.0
2018-02-14 07:59:59,9.466e-05,9.496e-05,9.4e-05,9.4e-05,9.4e-05,337218.0
2018-02-14 08:59:59,9.4e-05,9.486e-05,9.322e-05,9.338e-05,9.338e-05,311164.0
2018-02-14 09:59:59,9.338e-05,9.35e-05,9.24e-05,9.257e-05,9.257e-05,305777.0
2018-02-14 10:59:59,9.257e-05,9.273e-05,9.147e-05,9.192e-05,9.192e-05,249794.0
2018-02-14 11:59:59,9.193e-05,9.306e-05,9.178e-05,9.209e-05,9.209e-05,165587.0
2018-02-14 12:59:59,9.212e-05,9.312e-05,9.202e-05,9.271e-05,9.271e-05,146844.0
2018-02-14 13:59:59,9.24e-05,9.6e-05,9.214e-05,9.379e-05,9.379e-05,385658.0
2018-02-14 14:59:59,9.385e-05,9.616e-05,9.369e-05,9.543e-05,9.543e-05,173996.0
2018-02-14 15:59:59,9.552e-05,9.617e-05,9.5e-05,9.549e-05,9.549e-05,155220.0
2018-02-14 16:59:59,9.549e-05,9.549e-05,9.5e-05,9.54e-05,9.54e-05,224551.0
2018-02-14 17:59:59,9.539e-05,9.539e-05,9.284e-05,9.393e-05,9.393e-05,228550.0
2018-02-14 18:59:59,9.364e-05,9.493e-05,9.335e-05,9.458e-05,9.458e-05,231291.0
2018-02-14 19:59:59,9.456e-05,9.503e-05,9.403e-05,9.419e-05,9.419e-05,244395.0
2018-02-14 20:59:59,9.404e-05,9.439e-05,9.343e-05,9.365e-05,9.365e-05,177359.0
2018-02-14 21:59:59,9.366e-05,9.368e-05,9.277e-05,9.287e-05,9.287e-05,239455.0
2018-02-14 22:59:59,9.292e-05,9.617e-05,9.287e-05,9.506e-05,9.506e-05,266947.0
2018-02-14 23:59:59,9.509e-05,9.577e-05,9.334e-05,9.379e-05,9.379e-05,162866.0
2018-02-15 00:59:59,9.405e-05,9.405e-05,9.226e-05,9.238e-05,9.238e-05,353291.0
2018-02-15 01:59:59,9.25e-05,9.334e-05,9.2e-05,9.214e-05,9.214e-05,216724.0
2018-02-15 02:59:59,9.215e-05,9.297e-05,9.214e-05,9.268e-05,9.268e-05,226717.0
2018-02-15 03:59:59,9.271e-05,9.351e-05,9.265e-05,9.326e-05,9.326e-05,285654.0
2018-02-15 04:59:59,9.325e-05,9.325e-05,9.265e-05,9.268e-05,9.268e-05,131472.0
2018-02-15 05:59:59,9.267e-05,9.485e-05,9.266e-05,9.337e-05,9.337e-05,160793.0
2018-02-15 06:59:59,9.337e-05,9.361e-05,9.249e-05,9.308e-05,9.308e-05,253350.0
2018-02-15 07:59:59,9.283e-05,9.414e-05,9.25e-05,9.398e-05,9.398e-05,273570.0
2018-02-15 08:59:59,9.398e-05,9.494e-05,9.378e-05,9.494e-05,9.494e-05,82131.0
2018-02-15 09:59:59,9.495e-05,9.495e-05,9.335e-05,9.341e-05,9.341e-05,228728.0
2018-02-15 10:59:59,9.335e-05,9.351e-05,9.2e-05,9.277e-05,9.277e-05,329931.0
2018-02-15 11:59:59,9.277e-05,9.369e-05,9.166e-05,9.365e-05,9.365e-05,366481.0
2018-02-15 12:59:59,9.364e-05,9.386e-05,9.246e-05,9.36e-05,9.36e-05,509794.0
2018-02-15 13:59:59,9.361e-05,9.5e-05,9.327e-05,9.443e-05,9.443e-05,437284.0
2018-02-15 14:59:59,9.443e-05,9.598e-05,9.378e-05,9.543e-05,9.543e-05,283177.0
2018-02-15 15:59:59,9.543e-05,9.648e-05,9.378e-05,9.383e-05,9.383e-05,216124.0
2018-02-15 16:59:59,9.378e-05,9.656e-05,9.331e-05,9.601e-05,9.601e-05,119226.0
2018-02-15 17:59:59,9.601e-05,9.7e-05,9.557e-05,9.697e-05,9.697e-05,167151.0
2018-02-15 18:59:59,9.695e-05,9.7e-05,9.456e-05,9.495e-05,9.495e-05,138555.0
2018-02-15 19:59:59,9.502e-05,9.838e-05,9.454e-05,9.748e-05,9.748e-05,263976.0
2018-02-15 20:59:59,9.748e-05,9.765e-05,9.576e-05,9.639e-05,9.639e-05,160081.0
2018-02-15 21:59:59,9.639e-05,9.646e-05,9.545e-05,9.616e-05,9.616e-05,252552.0
2018-02-15 22:59:59,9.599e-05,0.00010209,9.59e-05,0.00010207,0.00010207,414084.0
2018-02-15 23:59:59,0.00010207,0.00010488,9.84e-05,0.00010011,0.00010011,620465.0
2018-02-16 00:59:59,0.00010006,0.00010372,9.947e-05,0.0001,0.0001,272095.0
2018-02-16 01:59:59,0.00010011,0.00010234,9.851e-05,0.00010234,0.00010234,209070.0
2018-02-16 02:59:59,0.00010234,0.00010234,9.899e-05,9.912e-05,9.912e-05,545492.0
2018-02-16 03:59:59,9.898e-05,0.00010086,9.8e-05,9.896e-05,9.896e-05,287497.0
2018-02-16 04:59:59,9.913e-05,0.000102,9.842e-05,0.00010042,0.00010042,367501.0
2018-02-16 05:59:59,0.0001005,0.0001005,9.684e-05,9.722e-05,9.722e-05,236479.0
2018-02-16 06:59:59,9.722e-05,9.94e-05,9.608e-05,9.704e-05,9.704e-05,234913.0
2018-02-16 07:59:59,9.704e-05,0.00010021,9.655e-05,9.923e-05,9.923e-05,520543.0
2018-02-16 08:59:59,9.901e-05,9.937e-05,9.702e-05,9.823e-05,9.823e-05,311811.0
2018-02-16 09:59:59,9.823e-05,9.897e-05,9.704e-05,9.729e-05,9.729e-05,170256.0
2018-02-16 10:59:59,9.73e-05,9.75e-05,9.67e-05,9.716e-05,9.716e-05,264808.0
2018-02-16 11:59:59,9.722e-05,9.723e-05,9.564e-05,9.629e-05,9.629e-05,300393.0
2018-02-16 12:59:59,9.629e-05,9.848e-05,9.629e-05,9.766e-05,9.766e-05,253233.0
2018-02-16 13:59:59,9.766e-05,9.903e-05,9.759e-05,9.794e-05,9.794e-05,291587.0
2018-02-16 14:59:59,9.807e-05,9.914e-05,9.716e-05,9.838e-05,9.838e-05,382004.0
2018-02-16 15:59:59,9.831e-05,0.0001025,9.831e-05,0.00010052,0.00010052,272675.0
2018-02-16 16:59:59,9.997e-05,0.00010138,9.9e-05,0.00010074,0.00010074,313498.0
2018-02-16 17:59:59,0.00010083,0.00010124,9.845e-05,9.949e-05,9.949e-05,262900.0
2018-02-16 18:59:59,9.957e-05,0.00010046,9.89e-05,9.935e-05,9.935e-05,267524.0
2018-02-16 19:59:59,9.936e-05,0.0001003,9.854e-05,9.993e-05,9.993e-05,119895.0
2018-02-16 20:59:59,9.993e-05,0.00010224,9.991e-05,0.00010111,0.00010111,208575.0
2018-02-16 21:59:59,0.00010119,0.000102,0.0001,0.00010182,0.00010182,331797.0
2018-02-16 22:59:59,0.00010178,0.0001018,9.903e-05,0.00010095,0.00010095,148385.0
2018-02-16 23:59:59,0.0001009,0.0001015,0.00010057,0.00010119,0.00010119,202473.0
2018-02-17 00:59:59,0.00010124,0.00010199,0.00010032,0.00010056,0.00010056,399539.0
2018-02-17 01:59:59,0.0001004,0.0001016,9.811e-05,9.975e-05,9.975e-05,327192.0
2018-02-17 02:59:59,9.972e-05,0.00010008,9.856e-05,9.923e-05,9.923e-05,251357.0
2018-02-17 03:59:59,9.908e-05,0.00010097,9.8e-05,9.995e-05,9.995e-05,194103.0
2018-02-17 04:59:59,9.995e-05,0.00010076,9.903e-05,9.961e-05,9.961e-05,241993.0
2018-02-17 05:59:59,9.94e-05,0.000104,9.902e-05,0.00010048,0.00010048,280103.0
2018-02-17 06:59:59,0.00010047,0.00010723,9.997e-05,0.00010387,0.00010387,396509.0
2018-02-17 07:59:59,0.00010374,0.0001072,0.0001035,0.00010603,0.00010603,448932.0
2018-02-17 08:59:59,0.00010603,0.0001136,0.00010595,0.00011353,0.00011353,665901.0
2018-02-17 09:59:59,0.00011353,0.00011388,0.000105,0.00011039,0.00011039,647847.0
2018-02-17 10:59:59,0.00011086,0.000113,0.00011,0.00011121,0.00011121,379764.0
2018-02-17 11:59:59,0.00011121,0.00011121,0.00010707,0.00010925,0.00010925,312737.0
2018-02-17 12:59:59,0.00010903,0.0001109,0.00010868,0.00010908,0.00010908,227770.0
2018-02-17 13:59:59,0.00010915,0.0001116,0.00010851,0.00010886,0.00010886,425696.0
2018-02-17 14:59:59,0.00010884,0.00011,0.00010446,0.00010718,0.00010718,565140.0
2018-02-17 15:59:59,0.00010718,0.00010828,0.000106,0.00010668,0.00010668,217641.0
2018-02-17 16:59:59,0.00010646,0.00010788,0.0001053,0.00010747,0.00010747,375689.0
2018-02-17 17:59:59,0.00010747,0.00010995,0.00010567,0.00010689,0.00010689,407266.0
2018-02-17 18:59:59,0.00010699,0.00010835,0.00010422,0.00010742,0.00010742,295023.0
2018-02-17 19:59:59,0.00010732,0.00010775,0.00010366,0.00010493,0.00010493,205882.0
2018-02-17 20:59:59,0.00010487,0.00010659,0.00010434,0.00010495,0.00010495,204322.0
2018-02-17 21:59:59,0.00010495,0.000105,0.00010192,0.00010282,0.00010282,270023.0
2018-02-17 22:59:59,0.00010283,0.00010295,0.0001,0.00010137,0.00010137,267274.0
2018-02-17 23:59:59,0.00010144,0.0001178,0.00010109,0.000111,0.000111,698027.0
2018-02-17 23:59:59,0.00011071,0.000113,9.966e-05,0.0001001,0.0001001,666433.0
2018-02-18 00:59:59,0.0001001,0.0001001,9.802e-05,9.803e-05,9.803e-05,385568.0
2018-02-18 01:59:59,9.804e-05,0.00010207,9.803e-05,0.00010113,0.00010113,329877.0
2018-02-18 02:59:59,0.00010111,0.00010115,9.756e-05,9.816e-05,9.816e-05,226856.0
2018-02-18 03:59:59,9.816e-05,9.912e-05,9.574e-05,9.658e-05,9.658e-05,352378.0
2018-02-18 04:59:59,9.659e-05,9.795e-05,9.464e-05,9.574e-05,9.574e-05,376963.0
2018-02-18 05:59:59,9.574e-05,9.89e-05,9.558e-05,9.604e-05,9.604e-05,363979.0
2018-02-18 06:59:59,9.593e-05,9.886e-05,9.579e-05,9.579e-05,9.579e-05,403025.0
2018-02-18 07:59:59,9.568e-05,9.89e-05,9.54e-05,9.771e-05,9.771e-05,421037.0
2018-02-18 08:59:59,9.771e-05,0.00010068,9.698e-05,9.699e-05,9.699e-05,224716.0
2018-02-18 09:59:59,9.701e-05,9.95e-05,9.668e-05,9.88e-05,9.88e-05,324420.0
2018-02-18 10:59:59,9.881e-05,9.989e-05,9.858e-05,9.858e-05,9.858e-05,124151.0
2018-02-18 11:59:59,9.854e-05,9.882e-05,9.751e-05,9.785e-05,9.785e-05,148427.0
2018-02-18 12:59:59,9.785e-05,9.921e-05,9.77e-05,9.804e-05,9.804e-05,301654.0
2018-02-18 13:59:59,9.822e-05,9.883e-05,9.7e-05,9.74e-05,9.74e-05,103483.0
2018-02-18 14:59:59,9.75e-05,9.848e-05,9.683e-05,9.757e-05,9.757e-05,99865.0
2018-02-18 15:59:59,9.78e-05,9.845e-05,9.675e-05,9.746e-05,9.746e-05,107121.0
2018-02-18 16:59:59,9.735e-05,9.86e-05,9.72e-05,9.758e-05,9.758e-05,156252.0
2018-02-18 17:59:59,9.758e-05,9.956e-05,9.752e-05,9.823e-05,9.823e-05,121582.0
2018-02-18 18:59:59,9.819e-05,9.819e-05,9.68e-05,9.691e-05,9.691e-05,268759.0
2018-02-18 19:59:59,9.69e-05,9.746e-05,9.675e-05,9.728e-05,9.728e-05,157480.0
2018-02-18 20:59:59,9.726e-05,9.832e-05,9.58e-05,9.688e-05,9.688e-05,248805.0
2018-02-18 21:59:59,9.732e-05,9.825e-05,9.683e-05,9.781e-05,9.781e-05,243809.0
2018-02-18 22:59:59,9.776e-05,9.776e-05,9.728e-05,9.734e-05,9.734e-05,293455.0
2018-02-18 23:59:59,9.728e-05,9.733e-05,9.649e-05,9.678e-05,9.678e-05,199895.0
2018-02-19 00:59:59,9.685e-05,9.693e-05,9.368e-05,9.556e-05,9.556e-05,302390.0
2018-02-19 01:59:59,9.556e-05,9.6e-05,9.367e-05,9.552e-05,9.552e-05,224737.0
2018-02-19 02:59:59,9.552e-05,9.667e-05,9.482e-05,9.5e-05,9.5e-05,345753.0
2018-02-19 03:59:59,9.505e-05,9.565e-05,9.42e-05,9.524e-05,9.524e-05,401207.0
2018-02-19 04:59:59,9.524e-05,9.558e-05,9.228e-05,9.301e-05,9.301e-05,571318.0
2018-02-19 05:59:59,9.29e-05,9.428e-05,9.2e-05,9.378e-05,9.378e-05,315825.0
2018-02-19 06:59:59,9.372e-05,9.5e-05,9.372e-05,9.48e-05,9.48e-05,341994.0
2018-02-19 07:59:59,9.481e-05,9.493e-05,9.302e-05,9.354e-05,9.354e-05,186925.0
2018-02-19 08:59:59,9.344e-05,9.4e-05,9.245e-05,9.323e-05,9.323e-05,314962.0
2018-02-19 09:59:59,9.327e-05,9.347e-05,9.237e-05,9.288e-05,9.288e-05,391924.0
2018-02-19 10:59:59,9.308e-05,9.431e-05,9.257e-05,9.374e-05,9.374e-05,108135.0
2018-02-19 11:59:59,9.374e-05,9.379e-05,9.174e-05,9.248e-05,9.248e-05,265028.0
2018-02-19 12:59:59,9.24e-05,9.3e-05,9.148e-05,9.178e-05,9.178e-05,563671.0
2018-02-19 13:59:59,9.243e-05,9.252e-05,9.1e-05,9.161e-05,9.161e-05,369305.0
2018-02-19 14:59:59,9.166e-05,9.327e-05,9.072e-05,9.184e-05,9.184e-05,292395.0
2018-02-19 15:59:59,9.184e-05,9.372e-05,9.144e-05,9.313e-05,9.313e-05,257585.0
2018-02-19 16:59:59,9.313e-05,9.313e-05,9.16e-05,9.171e-05,9.171e-05,134684.0
2018-02-19 17:59:59,9.179e-05,9.372e-05,9.174e-05,9.29e-05,9.29e-05,337025.0
2018-02-19 18:59:59,9.287e-05,9.392e-05,9.251e-05,9.295e-05,9.295e-05,188795.0
2018-02-19 19:59:59,9.294e-05,9.354e-05,9.251e-05,9.288e-05,9.288e-05,212491.0
2018-02-19 20:59:59,9.277e-05,9.32e-05,9.15e-05,9.218e-05,9.218e-05,242471.0
2018-02-19 21:59:59,9.214e-05,9.221e-05,9.046e-05,9.046e-05,9.046e-05,194967.0
2018-02-19 22:59:59,9.055e-05,9.093e-05,9.001e-05,9.007e-05,9.007e-05,275441.0
2018-02-19 23:59:59,9.002e-05,9.008e-05,8.909e-05,8.94e-05,8.94e-05,231932.0
2018-02-20 00:59:59,8.921e-05,9.014e-05,8.886e-05,8.959e-05,8.959e-05,134622.0
2018-02-20 01:59:59,8.958e-05,8.961e-05,8.85e-05,8.933e-05,8.933e-05,145843.0
2018-02-20 02:59:59,8.933e-05,8.964e-05,8.8e-05,8.8e-05,8.8e-05,97596.0
2018-02-20 03:59:59,8.797e-05,8.8e-05,8.662e-05,8.78e-05,8.78e-05,279451.0
2018-02-20 04:59:59,8.78e-05,8.885e-05,8.756e-05,8.845e-05,8.845e-05,293849.0
2018-02-20 05:59:59,8.828e-05,8.845e-05,8.601e-05,8.707e-05,8.707e-05,177654.0
2018-02-20 06:59:59,8.707e-05,8.8e-05,8.668e-05,8.686e-05,8.686e-05,332574.0
2018-02-20 07:59:59,8.685e-05,8.7e-05,8.559e-05,8.594e-05,8.594e-05,253600.0
2018-02-20 08:59:59,8.594e-05,8.67e-05,8.561e-05,8.626e-05,8.626e-05,381170.0
2018-02-20 09:59:59,8.645e-05,8.717e-05,8.624e-05,8.629e-05,8.629e-05,382741.0
2018-02-20 10:59:59,8.629e-05,8.799e-05,8.628e-05,8.732e-05,8.732e-05,110267.0
2018-02-20 11:59:59,8.738e-05,8.784e-05,8.643e-05,8.701e-05,8.701e-05,121208.0
2018-02-20 12:59:59,8.703e-05,8.8e-05,8.56e-05,8.787e-05,8.787e-05,377654.0
2018-02-20 13:59:59,8.781e-05,8.79e-05,8.639e-05,8.661e-05,8.661e-05,370476.0
2018-02-20 14:59:59,8.64e-05,8.656e-05,8.511e-05,8.606e-05,8.606e-05,123918.0
2018-02-20 15:59:59,8.58e-05,8.587e-05,8.2e-05,8.285e-05,8.285e-05,221114.0
2018-02-20 16:59:59,8.285e-05,8.392e-05,8.235e-05,8.298e-05,8.298e-05,282656.0
2018-02-20 17:59:59,8.299e-05,8.475e-05,8.143e-05,8.176e-05,8.176e-05,194475.0
2018-02-20 18:59:59,8.164e-05,8.277e-05,8e-05,8.009e-05,8.009e-05,230051.0
2018-02-20 19:59:59,8.006e-05,8.09e-05,7.908e-05,7.986e-05,7.986e-05,239825.0
2018-02-20 20:59:59,7.968e-05,8.024e-05,7.689e-05,7.717e-05,7.717e-05,392540.0
2018-02-20 21:59:59,7.697e-05,7.852e-05,7.65e-05,7.781e-05,7.781e-05,303823.0
2018-02-20 22:59:59,7.782e-05,8.18e-05,7.76e-05,8.055e-05,8.055e-05,264369.0
2018-02-20 23:59:59,8.049e-05,8.049e-05,7.819e-05,7.972e-05,7.972e-05,167590.0
2018-02-21 00:59:59,7.972e-05,8.055e-05,7.961e-05,7.985e-05,7.985e-05,272178.0
2018-02-21 01:59:59,7.986e-05,7.986e-05,7.848e-05,7.893e-05,7.893e-05,290544.0
2018-02-21 02:59:59,7.867e-05,7.927e-05,7.828e-05,7.894e-05,7.894e-05,163074.0
2018-02-21 03:59:59,7.894e-05,7.983e-05,7.893e-05,7.92e-05,7.92e-05,255238.0
2018-02-21 04:59:59,7.92e-05,8.055e-05,7.858e-05,8.055e-05,8.055e-05,427897.0
2018-02-21 05:59:59,8.116e-05,8.298e-05,8.006e-05,8.153e-05,8.153e-05,141884.0
2018-02-21 06:59:59,8.153e-05,8.238e-05,8.124e-05,8.238e-05,8.238e-05,90340.0
2018-02-21 07:59:59,8.241e-05,8.344e-05,8.233e-05,8.3e-05,8.3e-05,389618.0
2018-02-21 08:59:59,8.298e-05,8.456e-05,8.298e-05,8.386e-05,8.386e-05,395029.0
2018-02-21 09:59:59,8.386e-05,8.475e-05,8.231e-05,8.395e-05,8.395e-05,286013.0
2018-02-21 10:59:59,8.396e-05,8.423e-05,8.132e-05,8.187e-05,8.187e-05,339989.0
2018-02-21 11:59:59,8.188e-05,8.219e-05,7.917e-05,8.055e-05,8.055e-05,202135.0
2018-02-21 12:59:59,8.053e-05,8.075e-05,7.9e-05,7.944e-05,7.944e-05,131216.0
2018-02-21 13:59:59,7.953e-05,7.98e-05,7.803e-05,7.805e-05,7.805e-05,161387.0
2018-02-21 14:59:59,7.807e-05,7.865e-05,7.6e-05,7.657e-05,7.657e-05,149111.0
2018-02-21 15:59:59,7.634e-05,7.969e-05,7.628e-05,7.88e-05,7.88e-05,185611.0
2018-02-21 16:59:59,7.879e-05,7.938e-05,7.878e-05,7.886e-05,7.886e-05,320892.0
2018-02-21 17:59:59,7.887e-05,7.897e-05,7.878e-05,7.883e-05,7.883e-05,108209.0
2018-02-21 18:59:59,7.883e-05,7.885e-05,7.568e-05,7.829e-05,7.829e-05,187893.0
2018-02-21 19:59:59,7.827e-05,7.946e-05,7.827e-05,7.886e-05,7.886e-05,396211.0
2018-02-21 20:59:59,7.886e-05,7.933e-05,7.849e-05,7.905e-05,7.905e-05,289666.0
2018-02-21 21:59:59,7.903e-05,7.905e-05,7.85e-05,7.857e-05,7.857e-05,385989.0
2018-02-21 22:59:59,7.857e-05,7.905e-05,7.85e-05,7.877e-05,7.877e-05,296521.0
2018-02-21 23:59:59,7.871e-05,8.05e-05,7.87e-05,7.892e-05,7.892e-05,457372.0
2018-02-22 00:59:59,7.911e-05,8.046e-05,7.888e-05,7.995e-05,7.995e-05,111623.0
2018-02-22 01:59:59,7.996e-05,7.999e-05,7.887e-05,7.895e-05,7.895e-05,361469.0
2018-02-22 02:59:59,7.896e-05,7.918e-05,7.87e-05,7.877e-05,7.877e-05,425464.0
2018-02-22 03:59:59,7.878e-05,7.931e-05,7.851e-05,7.877e-05,7.877e-05,236160.0
2018-02-22 04:59:59,7.872e-05,7.91e-05,7.756e-05,7.825e-05,7.825e-05,147757.0
2018-02-22 05:59:59,7.844e-05,8.05e-05,7.805e-05,7.938e-05,7.938e-05,243072.0
2018-02-22 06:59:59,7.928e-05,7.965e-05,7.873e-05,7.916e-05,7.916e-05,118846.0
2018-02-22 07:59:59,7.917e-05,7.979e-05,7.837e-05,7.929e-05,7.929e-05,293407.0
2018-02-22 08:59:59,7.929e-05,7.949e-05,7.919e-05,7.934e-05,7.934e-05,237132.0
2018-02-22 09:59:59,7.936e-05,8.032e-05,7.794e-05,7.848e-05,7.848e-05,278348.0
2018-02-22 10:59:59,7.835e-05,7.9e-05,7.774e-05,7.798e-05,7.798e-05,162348.0
2018-02-22 11:59:59,7.802e-05,7.867e-05,7.705e-05,7.757e-05,7.757e-05,91868.0
2018-02-22 12:59:59,7.754e-05,7.928e-05,7.725e-05,7.886e-05,7.886e-05,204641.0
2018-02-22 13:59:59,7.903e-05,7.903e-05,7.618e-05,7.733e-05,7.733e-05,207569.0
2018-02-22 14:59:59,7.735e-05,7.738e-05,7.617e-05,7.696e-05,7.696e-05,284128.0
2018-02-22 15:59:59,7.701e-05,7.818e-05,7.687e-05,7.8e-05,7.8e-05,314078.0
2018-02-22 16:59:59,7.818e-05,7.905e-05,7.799e-05,7.827e-05,7.827e-05,262504.0
2018-02-22 17:59:59,7.815e-05,7.84e-05,7.786e-05,7.828e-05,7.828e-05,238099.0
2018-02-22 18:59:59,7.828e-05,7.84e-05,7.826e-05,7.839e-05,7.839e-05,54763.0
2018-02-22 19:59:59,7.839e-05,7.841e-05,7.837e-05,7.84e-05,7.84e-05,117004.0
2018-02-22 20:59:59,7.839e-05,7.841e-05,7.835e-05,7.839e-05,7.839e-05,52938.0
2018-02-22 21:59:59,7.839e-05,7.84e-05,7.791e-05,7.791e-05,7.791e-05,76203.0
2018-02-22 22:59:59,7.8e-05,7.841e-05,7.781e-05,7.82e-05,7.82e-05,178851.0
2018-02-22 23:59:59,7.824e-05,7.932e-05,7.689e-05,7.89e-05,7.89e-05,61856.0
2018-02-23 00:59:59,7.887e-05,7.949e-05,7.828e-05,7.884e-05,7.884e-05,185911.0
2018-02-23 01:59:59,7.885e-05,7.935e-05,7.87e-05,7.922e-05,7.922e-05,273878.0
2018-02-23 02:59:59,7.927e-05,8.027e-05,7.921e-05,7.977e-05,7.977e-05,221933.0
2018-02-23 03:59:59,7.957e-05,8.031e-05,7.932e-05,7.998e-05,7.998e-05,197999.0
2018-02-23 04:59:59,7.998e-05,8.001e-05,7.99e-05,7.993e-05,7.993e-05,264661.0
2018-02-23 05:59:59,7.994e-05,8.052e-05,7.875e-05,8.021e-05,8.021e-05,195733.0
2018-02-23 06:59:59,8.024e-05,8.107e-05,8.011e-05,8.065e-05,8.065e-05,343125.0
2018-02-23 07:59:59,8.064e-05,8.093e-05,8e-05,8.063e-05,8.063e-05,319758.0
2018-02-23 08:59:59,8.063e-05,8.066e-05,7.88e-05,7.943e-05,7.943e-05,397407.0
2018-02-23 09:59:59,7.942e-05,7.996e-05,7.91e-05,7.913e-05,7.913e-05,522899.0
2018-02-23 10:59:59,7.933e-05,7.984e-05,7.909e-05,7.962e-05,7.962e-05,196106.0
2018-02-23 11:59:59,7.958e-05,7.963e-05,7.851e-05,7.937e-05,7.937e-05,219675.0
2018-02-23 12:59:59,7.938e-05,8.15e-05,7.934e-05,8.117e-05,8.117e-05,188953.0
2018-02-23 13:59:59,8.116e-05,8.336e-05,8.053e-05,8.12e-05,8.12e-05,320354.0
2018-02-23 14:59:59,8.12e-05,8.232e-05,8.05e-05,8.232e-05,8.232e-05,317833.0
2018-02-23 15:59:59,8.206e-05,8.23e-05,8.143e-05,8.172e-05,8.172e-05,229850.0
2018-02-23 16:59:59,8.172e-05,8.174e-05,8.053e-05,8.068e-05,8.068e-05,354186.0
2018-02-23 17:59:59,8.066e-05,8.107e-05,7.977e-05,7.978e-05,7.978e-05,274676.0
2018-02-23 18:59:59,7.988e-05,8.079e-05,7.988e-05,8.023e-05,8.023e-05,159245.0
2018-02-23 19:59:59,8e-05,8.066e-05,7.977e-05,8.013e-05,8.013e-05,225714.0
2018-02-23 20:59:59,8.015e-05,8.077e-05,7.969e-05,7.98e-05,7.98e-05,203443.0
2018-02-23 21:59:59,7.988e-05,8.103e-05,7.944e-05,8.053e-05,8.053e-05,323681.0
2018-02-23 22:59:59,8.047e-05,8.079e-05,7.97e-05,8.015e-05,8.015e-05,240185.0
2018-02-23 23:59:59,8.006e-05,8.024e-05,7.977e-05,7.994e-05,7.994e-05,265664.0
2018-02-24 00:59:59,7.993e-05,8.127e-05,7.959e-05,8.103e-05,8.103e-05,202954.0
2018-02-24 01:59:59,8.099e-05,8.109e-05,8.036e-05,8.048e-05,8.048e-05,154908.0
2018-02-24 02:59:59,8.046e-05,8.167e-05,8.035e-05,8.091e-05,8.091e-05,137358.0
2018-02-24 03:59:59,8.091e-05,8.091e-05,7.976e-05,8.003e-05,8.003e-05,126770.0
2018-02-24 04:59:59,8.003e-05,8.004e-05,7.887e-05,7.95e-05,7.95e-05,230859.0
2018-02-24 05:59:59,7.947e-05,7.947e-05,7.833e-05,7.877e-05,7.877e-05,243873.0
2018-02-24 06:59:59,7.876e-05,7.919e-05,7.815e-05,7.869e-05,7.869e-05,143041.0
2018-02-24 07:59:59,7.874e-05,7.886e-05,7.837e-05,7.851e-05,7.851e-05,101985.0
2018-02-24 08:59:59,7.851e-05,7.874e-05,7.837e-05,7.87e-05,7.87e-05,330788.0
2018-02-24 09:59:59,7.866e-05,7.874e-05,7.855e-05,7.864e-05,7.864e-05,280112.0
2018-02-24 10:59:59,7.863e-05,7.925e-05,7.75e-05,7.918e-05,7.918e-05,274736.0
2018-02-24 11:59:59,7.89e-05,7.925e-05,7.788e-05,7.826e-05,7.826e-05,164577.0
2018-02-24 12:59:59,7.826e-05,7.832e-05,7.723e-05,7.786e-05,7.786e-05,254361.0
2018-02-24 13:59:59,7.795e-05,7.841e-05,7.716e-05,7.795e-05,7.795e-05,233575.0
2018-02-24 14:59:59,7.795e-05,7.985e-05,7.709e-05,7.955e-05,7.955e-05,225280.0
2018-02-24 15:59:59,7.957e-05,8.097e-05,7.899e-05,8.024e-05,8.024e-05,265416.0
2018-02-24 16:59:59,8.012e-05,8.012e-05,7.932e-05,7.957e-05,7.957e-05,100947.0
2018-02-24 17:59:59,7.935e-05,8.11e-05,7.935e-05,8.063e-05,8.063e-05,175198.0
2018-02-24 18:59:59,8.062e-05,8.069e-05,8.027e-05,8.04e-05,8.04e-05,142209.0
2018-02-24 19:59:59,8.056e-05,8.105e-05,7.98e-05,8.087e-05,8.087e-05,207306.0
2018-02-24 20:59:59,8.08e-05,8.08e-05,7.979e-05,7.997e-05,7.997e-05,368317.0
2018-02-24 21:59:59,8.008e-05,8.009e-05,7.931e-05,7.971e-05,7.971e-05,139892.0
2018-02-24 22:59:59,7.972e-05,8.172e-05,7.962e-05,8.13e-05,8.13e-05,274756.0
2018-02-24 23:59:59,8.131e-05,8.325e-05,8.047e-05,8.07e-05,8.07e-05,281999.0
2018-02-25 00:59:59,8.069e-05,8.125e-05,7.895e-05,7.935e-05,7.935e-05,158075.0
2018-02-25 01:59:59,7.947e-05,7.978e-05,7.9e-05,7.947e-05,7.947e-05,179329.0
2018-02-25 02:59:59,7.939e-05,7.977e-05,7.904e-05,7.944e-05,7.944e-05,162378.0
2018-02-25 03:59:59,7.944e-05,8.129e-05,7.938e-05,8.083e-05,8.083e-05,213059.0
2018-02-25 04:59:59,8.067e-05,8.124e-05,8.033e-05,8.09e-05,8.09e-05,238551.0
2018-02-25 05:59:59,8.09e-05,8.187e-05,8.089e-05,8.13e-05,8.13e-05,96799.0
2018-02-25 06:59:59,8.124e-05,8.307e-05,8.115e-05,8.257e-05,8.257e-05,145730.0
2018-02-25 07:59:59,8.259e-05,8.407e-05,8.208e-05,8.333e-05,8.333e-05,384902.0
2018-02-25 08:59:59,8.336e-05,8.478e-05,8.277e-05,8.3e-05,8.3e-05,372244.0
2018-02-25 09:59:59,8.311e-05,8.373e-05,8.23e-05,8.284e-05,8.284e-05,495200.0
2018-02-25 10:59:59,8.281e-05,8.281e-05,8.188e-05,8.196e-05,8.196e-05,214809.0
2018-02-25 11:59:59,8.197e-05,8.297e-05,8.197e-05,8.247e-05,8.247e-05,547347.0
2018-02-25 12:59:59,8.247e-05,8.247e-05,8.112e-05,8.13e-05,8.13e-05,285881.0
2018-02-25 13:59:59,8.13e-05,8.13e-05,8.011e-05,8.044e-05,8.044e-05,299104.0
2018-02-25 14:59:59,8.053e-05,8.186e-05,7.98e-05,8.104e-05,8.104e-05,305776.0
2018-02-25 15:59:59,8.103e-05,8.25e-05,8.103e-05,8.126e-05,8.126e-05,111653.0
2018-02-25 16:59:59,8.126e-05,8.134e-05,8.102e-05,8.11e-05,8.11e-05,39305.0
2018-02-25 17:59:59,8.111e-05,8.297e-05,8.1e-05,8.246e-05,8.246e-05,204664.0
2018-02-25 18:59:59,8.24e-05,8.295e-05,8.1e-05,8.162e-05,8.162e-05,136706.0
2018-02-25 19:59:59,8.176e-05,8.176e-05,8.1e-05,8.124e-05,8.124e-05,380810.0
2018-02-25 20:59:59,8.125e-05,8.181e-05,8.102e-05,8.147e-05,8.147e-05,182313.0
2018-02-25 21:59:59,8.147e-05,8.174e-05,8.046e-05,8.102e-05,8.102e-05,350361.0
2018-02-25 22:59:59,8.102e-05,8.138e-05,8.086e-05,8.116e-05,8.116e-05,115390.0
2018-02-25 23:59:59,8.112e-05,8.146e-05,8.108e-05,8.145e-05,8.145e-05,197532.0
2018-02-26 00:59:59,8.141e-05,8.2e-05,8.108e-05,8.2e-05,8.2e-05,76685.0
2018-02-26 01:59:59,8.161e-05,8.353e-05,8.16e-05,8.27e-05,8.27e-05,274754.0
2018-02-26 02:59:59,8.27e-05,8.286e-05,8.137e-05,8.192e-05,8.192e-05,213000.0
2018-02-26 03:59:59,8.193e-05,8.193e-05,8.112e-05,8.128e-05,8.128e-05,131622.0
2018-02-26 04:59:59,8.129e-05,8.178e-05,8e-05,8.011e-05,8.011e-05,255416.0
2018-02-26 05:59:59,8.031e-05,8.061e-05,8.003e-05,8.029e-05,8.029e-05,214446.0
2018-02-26 06:59:59,8.045e-05,8.133e-05,8.024e-05,8.133e-05,8.133e-05,386430.0
2018-02-26 07:59:59,8.129e-05,8.174e-05,8.078e-05,8.084e-05,8.084e-05,164621.0
2018-02-26 08:59:59,8.083e-05,8.09e-05,7.933e-05,8.012e-05,8.012e-05,254612.0
2018-02-26 09:59:59,8.012e-05,8.012e-05,7.874e-05,7.874e-05,7.874e-05,338690.0
2018-02-26 10:59:59,7.873e-05,7.938e-05,7.842e-05,7.875e-05,7.875e-05,265294.0
2018-02-26 11:59:59,7.875e-05,7.878e-05,7.734e-05,7.759e-05,7.759e-05,346755.0
2018-02-26 12:59:59,7.782e-05,7.857e-05,7.755e-05,7.781e-05,7.781e-05,227152.0
2018-02-26 13:59:59,7.79e-05,7.867e-05,7.732e-05,7.837e-05,7.837e-05,366413.0
2018-02-26 14:59:59,7.839e-05,7.87e-05,7.798e-05,7.842e-05,7.842e-05,303748.0
2018-02-26 15:59:59,7.838e-05,7.851e-05,7.802e-05,7.802e-05,7.802e-05,123870.0
2018-02-26 16:59:59,7.802e-05,7.997e-05,7.802e-05,7.889e-05,7.889e-05,148256.0
2018-02-26 17:59:59,7.893e-05,7.963e-05,7.869e-05,7.885e-05,7.885e-05,317702.0
2018-02-26 18:59:59,7.886e-05,7.886e-05,7.735e-05,7.775e-05,7.775e-05,196131.0
2018-02-26 19:59:59,7.775e-05,7.856e-05,7.7e-05,7.772e-05,7.772e-05,180192.0
2018-02-26 20:59:59,7.773e-05,8.011e-05,7.773e-05,7.974e-05,7.974e-05,209906.0
2018-02-26 21:59:59,7.98e-05,8.005e-05,7.854e-05,7.877e-05,7.877e-05,87104.0
2018-02-26 22:59:59,7.864e-05,7.971e-05,7.848e-05,7.871e-05,7.871e-05,93032.0
2018-02-26 23:59:59,7.862e-05,8.012e-05,7.862e-05,7.959e-05,7.959e-05,421025.0
2018-02-27 00:59:59,7.959e-05,7.973e-05,7.956e-05,7.963e-05,7.963e-05,369138.0
2018-02-27 01:59:59,7.962e-05,8.2e-05,7.956e-05,8.109e-05,8.109e-05,471885.0
2018-02-27 02:59:59,8.101e-05,8.226e-05,8.036e-05,8.139e-05,8.139e-05,205726.0
2018-02-27 03:59:59,8.159e-05,8.295e-05,8.04e-05,8.149e-05,8.149e-05,234554.0
2018-02-27 04:59:59,8.149e-05,8.15e-05,8.038e-05,8.138e-05,8.138e-05,347166.0
2018-02-27 05:59:59,8.138e-05,8.264e-05,8.06e-05,8.264e-05,8.264e-05,298501.0
2018-02-27 06:59:59,8.267e-05,8.79e-05,8.264e-05,8.549e-05,8.549e-05,779110.0
2018-02-27 07:59:59,8.509e-05,8.527e-05,8.135e-05,8.135e-05,8.135e-05,387579.0
2018-02-27 08:59:59,8.146e-05,8.299e-05,8.088e-05,8.294e-05,8.294e-05,205790.0
2018-02-27 09:59:59,8.295e-05,8.63e-05,8.259e-05,8.34e-05,8.34e-05,271973.0
2018-02-27 10:59:59,8.346e-05,8.64e-05,8.313e-05,8.557e-05,8.557e-05,473657.0
2018-02-27 11:59:59,8.557e-05,8.585e-05,8.3e-05,8.369e-05,8.369e-05,460025.0
2018-02-27 12:59:59,8.373e-05,8.965e-05,8.369e-05,8.465e-05,8.465e-05,718805.0
2018-02-27 13:59:59,8.479e-05,8.564e-05,8.121e-05,8.238e-05,8.238e-05,349520.0
2018-02-27 14:59:59,8.247e-05,8.318e-05,8.101e-05,8.119e-05,8.119e-05,323430.0
2018-02-27 15:59:59,8.117e-05,8.257e-05,8.099e-05,8.189e-05,8.189e-05,314379.0
2018-02-27 16:59:59,8.193e-05,8.446e-05,8.189e-05,8.201e-05,8.201e-05,202440.0
2018-02-27 17:59:59,8.192e-05,8.574e-05,8.192e-05,8.239e-05,8.239e-05,200921.0
2018-02-27 18:59:59,8.239e-05,8.296e-05,8.19e-05,8.258e-05,8.258e-05,216501.0
2018-02-27 19:59:59,8.258e-05,8.297e-05,8.19e-05,8.228e-05,8.228e-05,248311.0
2018-02-27 20:59:59,8.215e-05,8.231e-05,8.15e-05,8.169e-05,8.169e-05,195114.0
2018-02-27 21:59:59,8.166e-05,8.199e-05,8.059e-05,8.079e-05,8.079e-05,278235.0
2018-02-27 22:59:59,8.094e-05,8.117e-05,7.913e-05,7.969e-05,7.969e-05,237827.0
2018-02-27 23:59:59,7.958e-05,7.969e-05,7.846e-05,7.898e-05,7.898e-05,224049.0
2018-02-28 00:59:59,7.867e-05,8.033e-05,7.75e-05,7.76e-05,7.76e-05,390744.0
2018-02-28 01:59:59,7.761e-05,7.846e-05,7.701e-05,7.819e-05,7.819e-05,373285.0
2018-02-28 02:59:59,7.818e-05,7.835e-05,7.653e-05,7.718e-05,7.718e-05,351017.0
2018-02-28 03:59:59,7.72e-05,7.8e-05,7.365e-05,7.535e-05,7.535e-05,215968.0
2018-02-28 04:59:59,7.535e-05,7.585e-05,7.423e-05,7.511e-05,7.511e-05,136653.0
2018-02-28 05:59:59,7.506e-05,7.509e-05,7.437e-05,7.439e-05,7.439e-05,252010.0
2018-02-28 06:59:59,7.437e-05,7.485e-05,7.39e-05,7.475e-05,7.475e-05,232856.0
2018-02-28 07:59:59,7.475e-05,7.48e-05,7.394e-05,7.435e-05,7.435e-05,330557.0
2018-02-28 08:59:59,7.438e-05,7.6e-05,7.429e-05,7.584e-05,7.584e-05,135502.0
2018-02-28 09:59:59,7.585e-05,7.585e-05,7.419e-05,7.433e-05,7.433e-05,485445.0
2018-02-28 10:59:59,7.429e-05,7.533e-05,7.427e-05,7.5e-05,7.5e-05,179513.0
2018-02-28 11:59:59,7.501e-05,7.639e-05,7.5e-05,7.628e-05,7.628e-05,157910.0
2018-02-28 12:59:59,7.632e-05,7.652e-05,7.584e-05,7.596e-05,7.596e-05,252418.0
2018-02-28 13:59:59,7.587e-05,7.596e-05,7.482e-05,7.521e-05,7.521e-05,305952.0
2018-02-28 14:59:59,7.517e-05,7.577e-05,7.517e-05,7.531e-05,7.531e-05,307721.0
2018-02-28 15:59:59,7.532e-05,7.557e-05,7.511e-05,7.528e-05,7.528e-05,177889.0
2018-02-28 16:59:59,7.528e-05,7.574e-05,7.435e-05,7.49e-05,7.49e-05,157956.0
2018-02-28 17:59:59,7.491e-05,7.641e-05,7.365e-05,7.542e-05,7.542e-05,313398.0
2018-02-28 18:59:59,7.525e-05,7.617e-05,7.507e-05,7.507e-05,7.507e-05,222663.0
2018-02-28 19:59:59,7.524e-05,7.532e-05,7.403e-05,7.47e-05,7.47e-05,166279.0
2018-02-28 20:59:59,7.484e-05,7.578e-05,7.37e-05,7.448e-05,7.448e-05,101896.0
2018-02-28 21:59:59,7.452e-05,7.453e-05,7.371e-05,7.401e-05,7.401e-05,287932.0
2018-02-28 22:59:59,7.405e-05,7.485e-05,7.201e-05,7.327e-05,7.327e-05,291964.0
2018-02-28 23:59:59,7.337e-05,7.337e-05,7.25e-05,7.25e-05,7.25e-05,208719.0
2018-03-01 00:59:59,7.252e-05,7.347e-05,7.25e-05,7.295e-05,7.295e-05,336461.0
2018-03-01 01:59:59,7.296e-05,7.32e-05,7.292e-05,7.304e-05,7.304e-05,232159.0
2018-03-01 02:59:59,7.305e-05,7.32e-05,7.292e-05,7.314e-05,7.314e-05,333184.0
2018-03-01 03:59:59,7.317e-05,7.355e-05,7.292e-05,7.324e-05,7.324e-05,337327.0
2018-03-01 04:59:59,7.317e-05,7.347e-05,7.311e-05,7.335e-05,7.335e-05,177381.0
2018-03-01 05:59:59,7.338e-05,7.385e-05,7.313e-05,7.341e-05,7.341e-05,172012.0
2018-03-01 06:59:59,7.347e-05,7.39e-05,7.312e-05,7.357e-05,7.357e-05,273169.0
2018-03-01 07:59:59,7.357e-05,7.477e-05,7.354e-05,7.421e-05,7.421e-05,127942.0
2018-03-01 08:59:59,7.42e-05,7.505e-05,7.411e-05,7.486e-05,7.486e-05,274213.0
2018-03-01 09:59:59,7.495e-05,7.575e-05,7.486e-05,7.565e-05,7.565e-05,320582.0
2018-03-01 10:59:59,7.546e-05,7.565e-05,7.396e-05,7.439e-05,7.439e-05,151447.0
2018-03-01 11:59:59,7.405e-05,7.495e-05,7.357e-05,7.439e-05,7.439e-05,171118.0
2018-03-01 12:59:59,7.443e-05,7.46e-05,7.359e-05,7.447e-05,7.447e-05,170964.0
2018-03-01 13:59:59,7.446e-05,7.446e-05,7.346e-05,7.358e-05,7.358e-05,218487.0
2018-03-01 14:59:59,7.35e-05,7.414e-05,7.333e-05,7.352e-05,7.352e-05,257873.0
2018-03-01 15:59:59,7.353e-05,7.714e-05,7.305e-05,7.638e-05,7.638e-05,272140.0
2018-03-01 16:59:59,7.649e-05,7.799e-05,7.58e-05,7.652e-05,7.652e-05,275422.0
2018-03-01 17:59:59,7.653e-05,7.661e-05,7.368e-05,7.54e-05,7.54e-05,191923.0
2018-03-01 18:59:59,7.517e-05,7.557e-05,7.382e-05,7.46e-05,7.46e-05,135898.0
2018-03-01 19:59:59,7.438e-05,7.472e-05,7.3e-05,7.365e-05,7.365e-05,226965.0
2018-03-01 20:59:59,7.375e-05,7.842e-05,7.366e-05,7.653e-05,7.653e-05,282057.0
2018-03-01 21:59:59,7.686e-05,7.686e-05,7.421e-05,7.422e-05,7.422e-05,124315.0
2018-03-01 22:59:59,7.422e-05,7.522e-05,7.418e-05,7.445e-05,7.445e-05,210455.0
2018-03-01 23:59:59,7.444e-05,7.444e-05,7.065e-05,7.124e-05,7.124e-05,489913.0
2018-03-02 00:59:59,7.124e-05,7.161e-05,7.02e-05,7.159e-05,7.159e-05,362818.0
2018-03-02 01:59:59,7.158e-05,7.613e-05,7.147e-05,7.577e-05,7.577e-05,402141.0
2018-03-02 02:59:59,7.577e-05,7.739e-05,7.545e-05,7.685e-05,7.685e-05,360504.0
2018-03-02 03:59:59,7.69e-05,7.715e-05,7.588e-05,7.588e-05,7.588e-05,106638.0
2018-03-02 04:59:59,7.594e-05,7.594e-05,7.444e-05,7.478e-05,7.478e-05,214193.0
2018-03-02 05:59:59,7.477e-05,7.628e-05,7.445e-05,7.594e-05,7.594e-05,170599.0
2018-03-02 06:59:59,7.597e-05,7.641e-05,7.497e-05,7.574e-05,7.574e-05,251663.0
2018-03-02 07:59:59,7.581e-05,7.597e-05,7.492e-05,7.493e-05,7.493e-05,328531.0
2018-03-02 08:59:59,7.493e-05,7.493e-05,7.425e-05,7.44e-05,7.44e-05,312367.0
2018-03-02 09:59:59,7.452e-05,7.457e-05,7.407e-05,7.407e-05,7.407e-05,331814.0
2018-03-02 10:59:59,7.407e-05,7.415e-05,7.221e-05,7.268e-05,7.268e-05,214646.0
2018-03-02 11:59:59,7.285e-05,7.366e-05,7.268e-05,7.321e-05,7.321e-05,57599.0
2018-03-02 12:59:59,7.311e-05,7.359e-05,7.2e-05,7.265e-05,7.265e-05,126239.0
2018-03-02 13:59:59,7.258e-05,7.278e-05,7.209e-05,7.232e-05,7.232e-05,125261.0
2018-03-02 14:59:59,7.233e-05,7.283e-05,7.224e-05,7.266e-05,7.266e-05,216708.0
2018-03-02 15:59:59,7.271e-05,7.283e-05,7.245e-05,7.255e-05,7.255e-05,103234.0
2018-03-02 16:59:59,7.266e-05,7.307e-05,7.246e-05,7.273e-05,7.273e-05,190422.0
2018-03-02 17:59:59,7.246e-05,7.271e-05,7.242e-05,7.247e-05,7.247e-05,260641.0
2018-03-02 18:59:59,7.247e-05,7.307e-05,7.24e-05,7.26e-05,7.26e-05,237485.0
2018-03-02 19:59:59,7.273e-05,7.51e-05,7.125e-05,7.335e-05,7.335e-05,228790.0
2018-03-02 20:59:59,7.348e-05,7.5e-05,7.218e-05,7.291e-05,7.291e-05,221863.0
2018-03-02 21:59:59,7.285e-05,7.305e-05,7.249e-05,7.285e-05,7.285e-05,305118.0
2018-03-02 22:59:59,7.285e-05,7.35e-05,7.284e-05,7.343e-05,7.343e-05,385367.0
2018-03-02 23:59:59,7.345e-05,7.404e-05,7.304e-05,7.398e-05,7.398e-05,334431.0
2018-03-03 00:59:59,7.395e-05,7.427e-05,7.378e-05,7.379e-05,7.379e-05,354527.0
2018-03-03 01:59:59,7.379e-05,7.382e-05,7.3e-05,7.315e-05,7.315e-05,233108.0
2018-03-03 02:59:59,7.315e-05,7.358e-05,7.308e-05,7.325e-05,7.325e-05,175158.0
2018-03-03 03:59:59,7.324e-05,7.324e-05,7.284e-05,7.285e-05,7.285e-05,248373.0
2018-03-03 04:59:59,7.286e-05,7.286e-05,7.001e-05,7.13e-05,7.13e-05,569490.0
2018-03-03 05:59:59,7.124e-05,7.16e-05,7.123e-05,7.151e-05,7.151e-05,160936.0
2018-03-03 06:59:59,7.151e-05,7.151e-05,7.092e-05,7.134e-05,7.134e-05,211356.0
2018-03-03 07:59:59,7.139e-05,7.198e-05,7.133e-05,7.152e-05,7.152e-05,180758.0
2018-03-03 08:59:59,7.152e-05,7.214e-05,7.147e-05,7.208e-05,7.208e-05,301216.0
2018-03-03 09:59:59,7.207e-05,7.208e-05,7.134e-05,7.151e-05,7.151e-05,175584.0
2018-03-03 10:59:59,7.145e-05,7.15e-05,7e-05,7.041e-05,7.041e-05,253876.0
2018-03-03 11:59:59,7.043e-05,7.065e-05,7e-05,7.019e-05,7.019e-05,223485.0
2018-03-03 12:59:59,7.022e-05,7.025e-05,6.911e-05,7e-05,7e-05,233886.0
2018-03-03 13:59:59,7.001e-05,7.006e-05,7e-05,7.002e-05,7.002e-05,176670.0
2018-03-03 14:59:59,7.001e-05,7.04e-05,7e-05,7.005e-05,7.005e-05,182531.0
2018-03-03 15:59:59,7.005e-05,7.05e-05,7e-05,7.05e-05,7.05e-05,312523.0
2018-03-03 16:59:59,7.051e-05,7.075e-05,7e-05,7.032e-05,7.032e-05,229793.0
2018-03-03 17:59:59,7.027e-05,7.048e-05,7.001e-05,7.042e-05,7.042e-05,190114.0
2018-03-03 18:59:59,7.041e-05,7.063e-05,7.003e-05,7.033e-05,7.033e-05,119665.0
2018-03-03 19:59:59,7.036e-05,7.045e-05,7.005e-05,7.011e-05,7.011e-05,231411.0
2018-03-03 20:59:59,7.009e-05,7.046e-05,7.001e-05,7.012e-05,7.012e-05,128562.0
2018-03-03 21:59:59,7.013e-05,7.063e-05,7e-05,7.034e-05,7.034e-05,68386.0
2018-03-03 22:59:59,7.033e-05,7.075e-05,7.006e-05,7.042e-05,7.042e-05,303387.0
2018-03-03 23:59:59,7.043e-05,7.14e-05,7.042e-05,7.123e-05,7.123e-05,226927.0
2018-03-04 00:59:59,7.121e-05,7.167e-05,7.067e-05,7.069e-05,7.069e-05,349953.0
2018-03-04 01:59:59,7.069e-05,7.146e-05,6.991e-05,7.027e-05,7.027e-05,314920.0
2018-03-04 02:59:59,7.016e-05,7.05e-05,6.977e-05,7.05e-05,7.05e-05,207099.0
2018-03-04 03:59:59,7.05e-05,7.314e-05,7.032e-05,7.085e-05,7.085e-05,192945.0
2018-03-04 04:59:59,7.085e-05,7.085e-05,7.027e-05,7.065e-05,7.065e-05,216322.0
2018-03-04 05:59:59,7.065e-05,7.074e-05,7.025e-05,7.07e-05,7.07e-05,199611.0
2018-03-04 06:59:59,7.07e-05,7.219e-05,7.069e-05,7.181e-05,7.181e-05,221714.0
2018-03-04 07:59:59,7.198e-05,7.198e-05,7.13e-05,7.157e-05,7.157e-05,181760.0
2018-03-04 08:59:59,7.157e-05,7.167e-05,7.118e-05,7.149e-05,7.149e-05,215188.0
2018-03-04 09:59:59,7.149e-05,7.152e-05,7.121e-05,7.143e-05,7.143e-05,279063.0
2018-03-04 10:59:59,7.144e-05,7.271e-05,7.127e-05,7.232e-05,7.232e-05,388340.0
2018-03-04 11:59:59,7.231e-05,7.271e-05,7.16e-05,7.238e-05,7.238e-05,344622.0
2018-03-04 12:59:59,7.242e-05,7.484e-05,7.238e-05,7.365e-05,7.365e-05,248403.0
2018-03-04 13:59:59,7.373e-05,7.49e-05,7.34e-05,7.437e-05,7.437e-05,377078.0
2018-03-04 14:59:59,7.439e-05,7.568e-05,7.336e-05,7.409e-05,7.409e-05,375669.0
2018-03-04 15:59:59,7.372e-05,7.43e-05,7.346e-05,7.372e-05,7.372e-05,171948.0
2018-03-04 16:59:59,7.399e-05,7.442e-05,7.371e-05,7.376e-05,7.376e-05,194643.0
2018-03-04 17:59:59,7.375e-05,7.56e-05,7.371e-05,7.545e-05,7.545e-05,232910.0
2018-03-04 18:59:59,7.54e-05,7.575e-05,7.371e-05,7.385e-05,7.385e-05,281230.0
2018-03-04 19:59:59,7.385e-05,7.495e-05,7.25e-05,7.276e-05,7.276e-05,285861.0
2018-03-04 20:59:59,7.266e-05,7.382e-05,7.26e-05,7.372e-05,7.372e-05,246490.0
2018-03-04 21:59:59,7.385e-05,7.398e-05,7.299e-05,7.336e-05,7.336e-05,192467.0
2018-03-04 22:59:59,7.333e-05,7.481e-05,7.305e-05,7.469e-05,7.469e-05,168883.0
2018-03-04 23:59:59,7.469e-05,7.5e-05,7.408e-05,7.432e-05,7.432e-05,241628.0
2018-03-05 00:59:59,7.435e-05,7.436e-05,7.338e-05,7.387e-05,7.387e-05,205953.0
2018-03-05 01:59:59,7.342e-05,7.376e-05,7.282e-05,7.336e-05,7.336e-05,337353.0
2018-03-05 02:59:59,7.344e-05,7.359e-05,7.327e-05,7.332e-05,7.332e-05,167722.0
2018-03-05 03:59:59,7.333e-05,7.338e-05,7.26e-05,7.285e-05,7.285e-05,292927.0
2018-03-05 04:59:59,7.284e-05,7.305e-05,7.201e-05,7.202e-05,7.202e-05,295460.0
2018-03-05 05:59:59,7.203e-05,7.263e-05,7.2e-05,7.241e-05,7.241e-05,375168.0
2018-03-05 06:59:59,7.244e-05,7.27e-05,7.241e-05,7.251e-05,7.251e-05,226963.0
2018-03-05 07:59:59,7.251e-05,7.255e-05,7.163e-05,7.173e-05,7.173e-05,316666.0
2018-03-05 08:59:59,7.179e-05,7.211e-05,7.152e-05,7.162e-05,7.162e-05,217312.0
2018-03-05 09:59:59,7.168e-05,7.185e-05,7.15e-05,7.167e-05,7.167e-05,283625.0
2018-03-05 10:59:59,7.175e-05,7.175e-05,7.05e-05,7.088e-05,7.088e-05,201089.0
2018-03-05 11:59:59,7.105e-05,7.118e-05,7.068e-05,7.087e-05,7.087e-05,300999.0
2018-03-05 12:59:59,7.09e-05,7.09e-05,7.059e-05,7.081e-05,7.081e-05,406008.0
2018-03-05 13:59:59,7.084e-05,7.127e-05,7.071e-05,7.111e-05,7.111e-05,191459.0
2018-03-05 14:59:59,7.111e-05,7.132e-05,7.111e-05,7.112e-05,7.112e-05,121322.0
2018-03-05 15:59:59,7.111e-05,7.113e-05,7.033e-05,7.036e-05,7.036e-05,168726.0
2018-03-05 16:59:59,7.037e-05,7.039e-05,7e-05,7.002e-05,7.002e-05,110696.0
2018-03-05 17:59:59,7.002e-05,7.132e-05,6.912e-05,7.011e-05,7.011e-05,173008.0
2018-03-05 18:59:59,7.001e-05,7.084e-05,7e-05,7.033e-05,7.033e-05,284984.0
2018-03-05 19:59:59,7.039e-05,7.1e-05,6.936e-05,7.002e-05,7.002e-05,272743.0
2018-03-05 20:59:59,7.002e-05,7.019e-05,6.967e-05,7.004e-05,7.004e-05,417813.0
2018-03-05 21:59:59,7.025e-05,7.042e-05,6.991e-05,7.012e-05,7.012e-05,240131.0
2018-03-05 22:59:59,7.012e-05,7.08e-05,7.003e-05,7.041e-05,7.041e-05,318293.0
2018-03-05 23:59:59,7.042e-05,7.074e-05,7.041e-05,7.058e-05,7.058e-05,247854.0
2018-03-06 00:59:59,7.055e-05,7.189e-05,7.042e-05,7.102e-05,7.102e-05,281560.0
2018-03-06 01:59:59,7.103e-05,7.103e-05,7.042e-05,7.057e-05,7.057e-05,228225.0
2018-03-06 02:59:59,7.059e-05,7.073e-05,7e-05,7.01e-05,7.01e-05,261210.0
2018-03-06 03:59:59,7.021e-05,7.021e-05,6.95e-05,6.99e-05,6.99e-05,237972.0
2018-03-06 04:59:59,6.983e-05,7.02e-05,6.982e-05,7.003e-05,7.003e-05,187005.0
2018-03-06 05:59:59,7.019e-05,7.019e-05,6.935e-05,6.989e-05,6.989e-05,282428.0
2018-03-06 06:59:59,6.989e-05,6.989e-05,6.921e-05,6.96e-05,6.96e-05,203434.0
2018-03-06 07:59:59,6.961e-05,7.01e-05,6.952e-05,7.005e-05,7.005e-05,249833.0
2018-03-06 08:59:59,7.005e-05,7.021e-05,6.94e-05,6.94e-05,6.94e-05,176262.0
2018-03-06 09:59:59,6.944e-05,6.982e-05,6.911e-05,6.931e-05,6.931e-05,193943.0
2018-03-06 10:59:59,6.93e-05,6.937e-05,6.881e-05,6.933e-05,6.933e-05,445294.0
2018-03-06 11:59:59,6.922e-05,7.05e-05,6.858e-05,6.937e-05,6.937e-05,435298.0
2018-03-06 12:59:59,6.943e-05,7.05e-05,6.924e-05,6.997e-05,6.997e-05,272964.0
2018-03-06 13:59:59,6.997e-05,7.041e-05,6.858e-05,6.904e-05,6.904e-05,341340.0
2018-03-06 14:59:59,6.904e-05,7.023e-05,6.904e-05,6.96e-05,6.96e-05,234401.0
2018-03-06 15:59:59,6.956e-05,6.983e-05,6.954e-05,6.978e-05,6.978e-05,283105.0
2018-03-06 16:59:59,6.977e-05,7.049e-05,6.956e-05,7.02e-05,7.02e-05,326821.0
2018-03-06 17:59:59,7.021e-05,7.1e-05,7.017e-05,7.017e-05,7.017e-05,188426.0
2018-03-06 18:59:59,7.018e-05,7.018e-05,6.898e-05,6.901e-05,6.901e-05,208579.0
2018-03-06 19:59:59,6.901e-05,6.956e-05,6.863e-05,6.956e-05,6.956e-05,316839.0
2018-03-06 20:59:59,6.939e-05,7.019e-05,6.923e-05,7.011e-05,7.011e-05,329519.0
2018-03-06 21:59:59,7e-05,7.02e-05,6.954e-05,7.02e-05,7.02e-05,208512.0
2018-03-06 22:59:59,7.02e-05,7.155e-05,6.991e-05,7.12e-05,7.12e-05,230271.0
2018-03-06 23:59:59,7.12e-05,7.345e-05,7.073e-05,7.295e-05,7.295e-05,312669.0
2018-03-07 00:59:59,7.295e-05,7.5e-05,7.104e-05,7.162e-05,7.162e-05,648808.0
2018-03-07 01:59:59,7.162e-05,7.5e-05,7.126e-05,7.195e-05,7.195e-05,576492.0
2018-03-07 02:59:59,7.195e-05,7.3e-05,7.115e-05,7.142e-05,7.142e-05,295984.0
2018-03-07 03:59:59,7.14e-05,7.148e-05,6.991e-05,7.045e-05,7.045e-05,272700.0
2018-03-07 04:59:59,7.024e-05,7.085e-05,6.99e-05,7.026e-05,7.026e-05,260928.0
2018-03-07 05:59:59,7.024e-05,7.339e-05,6.992e-05,7.132e-05,7.132e-05,518125.0
2018-03-07 06:59:59,7.132e-05,7.136e-05,7.018e-05,7.025e-05,7.025e-05,265465.0
2018-03-07 07:59:59,7.032e-05,7.061e-05,7.013e-05,7.025e-05,7.025e-05,240741.0
2018-03-07 08:59:59,7.025e-05,7.069e-05,7.013e-05,7.058e-05,7.058e-05,426061.0
2018-03-07 09:59:59,7.061e-05,7.208e-05,7.055e-05,7.184e-05,7.184e-05,424637.0
2018-03-07 10:59:59,7.184e-05,7.208e-05,7.104e-05,7.128e-05,7.128e-05,274169.0
2018-03-07 11:59:59,7.124e-05,7.127e-05,6.714e-05,6.833e-05,6.833e-05,344799.0
2018-03-07 12:59:59,6.825e-05,6.833e-05,6.693e-05,6.733e-05,6.733e-05,413942.0
2018-03-07 13:59:59,6.734e-05,6.735e-05,6.613e-05,6.638e-05,6.638e-05,313926.0
2018-03-07 14:59:59,6.638e-05,6.68e-05,6.47e-05,6.585e-05,6.585e-05,355409.0
2018-03-07 15:59:59,6.561e-05,6.722e-05,6.561e-05,6.71e-05,6.71e-05,268246.0
2018-03-07 16:59:59,6.702e-05,6.721e-05,6.65e-05,6.667e-05,6.667e-05,283833.0
2018-03-07 17:59:59,6.666e-05,6.688e-05,6.65e-05,6.664e-05,6.664e-05,235827.0
2018-03-07 18:59:59,6.664e-05,6.664e-05,6.45e-05,6.549e-05,6.549e-05,447550.0
2018-03-07 19:59:59,6.548e-05,6.585e-05,6.516e-05,6.527e-05,6.527e-05,173979.0
2018-03-07 20:59:59,6.531e-05,6.586e-05,6.53e-05,6.567e-05,6.567e-05,241202.0
2018-03-07 21:59:59,6.557e-05,6.56e-05,6.516e-05,6.535e-05,6.535e-05,154193.0
2018-03-07 22:59:59,6.536e-05,6.559e-05,6.43e-05,6.498e-05,6.498e-05,238065.0
2018-03-07 23:59:59,6.5e-05,6.551e-05,6.398e-05,6.401e-05,6.401e-05,256605.0
2018-03-08 00:59:59,6.402e-05,6.402e-05,6.3e-05,6.327e-05,6.327e-05,283353.0
2018-03-08 01:59:59,6.333e-05,6.333e-05,6.235e-05,6.253e-05,6.253e-05,210526.0
2018-03-08 02:59:59,6.26e-05,6.277e-05,6.248e-05,6.264e-05,6.264e-05,193767.0
2018-03-08 03:59:59,6.269e-05,6.348e-05,6.221e-05,6.284e-05,6.284e-05,334628.0
2018-03-08 04:59:59,6.283e-05,6.293e-05,6.125e-05,6.211e-05,6.211e-05,226498.0
2018-03-08 05:59:59,6.211e-05,6.252e-05,6.18e-05,6.239e-05,6.239e-05,239526.0
2018-03-08 06:59:59,6.234e-05,6.313e-05,6.231e-05,6.304e-05,6.304e-05,277377.0
2018-03-08 07:59:59,6.29e-05,6.345e-05,6.241e-05,6.319e-05,6.319e-05,239600.0
2018-03-08 08:59:59,6.316e-05,6.489e-05,6.315e-05,6.434e-05,6.434e-05,149948.0
2018-03-08 09:59:59,6.434e-05,6.49e-05,6.348e-05,6.354e-05,6.354e-05,98173.0
2018-03-08 10:59:59,6.381e-05,6.434e-05,6.315e-05,6.383e-05,6.383e-05,126676.0
2018-03-08 11:59:59,6.324e-05,6.451e-05,6.301e-05,6.353e-05,6.353e-05,32426.0
2018-03-08 12:59:59,6.353e-05,6.515e-05,6.34e-05,6.422e-05,6.422e-05,31626.0
2018-03-08 13:59:59,6.373e-05,6.5e-05,6.37e-05,6.48e-05,6.48e-05,68325.0
2018-03-08 14:59:59,6.48e-05,6.484e-05,6.386e-05,6.459e-05,6.459e-05,20301.0
2018-03-08 15:59:59,6.41e-05,6.457e-05,6.365e-05,6.43e-05,6.43e-05,47344.0
2018-03-08 16:59:59,6.43e-05,6.434e-05,6.352e-05,6.355e-05,6.355e-05,8907.0
2018-03-08 17:59:59,6.355e-05,6.39e-05,6.301e-05,6.339e-05,6.339e-05,3593.0
2018-03-08 18:59:59,6.304e-05,6.365e-05,6.301e-05,6.321e-05,6.321e-05,83476.0
2018-03-08 19:59:59,6.301e-05,6.319e-05,6.211e-05,6.31e-05,6.31e-05,12931.0
2018-03-08 20:59:59,6.308e-05,6.311e-05,6.053e-05,6.115e-05,6.115e-05,99783.0
2018-03-08 21:59:59,6.114e-05,6.12e-05,6.038e-05,6.048e-05,6.048e-05,30847.0
2018-03-08 22:59:59,6.096e-05,6.118e-05,5.96e-05,6.039e-05,6.039e-05,70753.0
2018-03-08 23:59:59,6.042e-05,6.071e-05,5.801e-05,5.885e-05,5.885e-05,67418.0
2018-03-09 00:59:59,5.879e-05,5.889e-05,5.701e-05,5.835e-05,5.835e-05,56003.0
2018-03-09 01:59:59,5.828e-05,5.835e-05,5.624e-05,5.627e-05,5.627e-05,50155.0
2018-03-09 02:59:59,5.637e-05,5.667e-05,5.5e-05,5.559e-05,5.559e-05,42679.0
2018-03-09 03:59:59,5.559e-05,5.678e-05,5.515e-05,5.527e-05,5.527e-05,29440.0
2018-03-09 04:59:59,5.56e-05,5.768e-05,5.5e-05,5.732e-05,5.732e-05,56119.0
2018-03-09 05:59:59,5.706e-05,5.943e-05,5.664e-05,5.929e-05,5.929e-05,49228.0
2018-03-09 06:59:59,5.929e-05,6.525e-05,5.874e-05,6.389e-05,6.389e-05,299930.0
2018-03-09 07:59:59,6.343e-05,7.45e-05,6.234e-05,7.195e-05,7.195e-05,702165.0
2018-03-09 08:59:59,7.198e-05,7.23e-05,6.416e-05,6.428e-05,6.428e-05,264362.0
2018-03-09 09:59:59,6.453e-05,7.393e-05,6.375e-05,7.134e-05,7.134e-05,226038.0
2018-03-09 10:59:59,7.136e-05,7.148e-05,6.382e-05,6.49e-05,6.49e-05,190545.0
2018-03-09 11:59:59,6.491e-05,6.617e-05,6.3e-05,6.344e-05,6.344e-05,144098.0
2018-03-09 12:59:59,6.344e-05,6.637e-05,6.344e-05,6.439e-05,6.439e-05,98870.0
2018-03-09 13:59:59,6.438e-05,6.458e-05,6.335e-05,6.339e-05,6.339e-05,46649.0
2018-03-09 14:59:59,6.368e-05,6.437e-05,6.343e-05,6.4e-05,6.4e-05,5850.0
2018-03-09 15:59:59,6.433e-05,6.433e-05,6.3e-05,6.353e-05,6.353e-05,22853.0
2018-03-09 16:59:59,6.334e-05,6.342e-05,6.218e-05,6.243e-05,6.243e-05,42943.0
2018-03-09 17:59:59,6.249e-05,6.333e-05,6.246e-05,6.277e-05,6.277e-05,6200.0
2018-03-09 18:59:59,6.278e-05,6.278e-05,6.218e-05,6.256e-05,6.256e-05,21194.0
2018-03-09 19:59:59,6.277e-05,6.3e-05,6.212e-05,6.212e-05,6.212e-05,29942.0
2018-03-09 20:59:59,6.218e-05,6.333e-05,6.212e-05,6.331e-05,6.331e-05,13274.0
2018-03-09 21:59:59,6.297e-05,6.333e-05,6.283e-05,6.322e-05,6.322e-05,17522.0
2018-03-09 22:59:59,6.32e-05,6.51e-05,6.318e-05,6.44e-05,6.44e-05,37692.0
2018-03-09 23:59:59,6.44e-05,6.483e-05,6.412e-05,6.483e-05,6.483e-05,12233.0
2018-03-10 00:59:59,6.48e-05,6.516e-05,6.45e-05,6.515e-05,6.515e-05,10779.0
2018-03-10 01:59:59,6.517e-05,6.638e-05,6.473e-05,6.611e-05,6.611e-05,27719.0
2018-03-10 02:59:59,6.579e-05,6.618e-05,6.414e-05,6.493e-05,6.493e-05,37445.0
2018-03-10 03:59:59,6.493e-05,6.75e-05,6.403e-05,6.75e-05,6.75e-05,87859.0
2018-03-10 04:59:59,6.735e-05,6.75e-05,6.511e-05,6.55e-05,6.55e-05,67606.0
2018-03-10 05:59:59,6.524e-05,6.601e-05,6.483e-05,6.504e-05,6.504e-05,26552.0
2018-03-10 06:59:59,6.515e-05,6.749e-05,6.382e-05,6.569e-05,6.569e-05,32985.0
2018-03-10 07:59:59,6.573e-05,7.278e-05,6.54e-05,7.225e-05,7.225e-05,79485.0
2018-03-10 08:59:59,7.262e-05,7.393e-05,7.121e-05,7.359e-05,7.359e-05,127674.0
2018-03-10 09:59:59,7.359e-05,7.425e-05,6.934e-05,7.023e-05,7.023e-05,132760.0
2018-03-10 10:59:59,7.024e-05,7.426e-05,6.951e-05,7e-05,7e-05,52237.0
2018-03-10 11:59:59,7e-05,7.426e-05,7e-05,7.297e-05,7.297e-05,78799.0
2018-03-10 12:59:59,7.293e-05,7.43e-05,7.101e-05,7.103e-05,7.103e-05,182050.0
2018-03-10 13:59:59,7.153e-05,7.23e-05,6.892e-05,6.892e-05,6.892e-05,66100.0
2018-03-10 14:59:59,6.892e-05,7.095e-05,6.879e-05,7.074e-05,7.074e-05,34087.0
2018-03-10 15:59:59,7.074e-05,7.074e-05,6.707e-05,6.748e-05,6.748e-05,43671.0
2018-03-10 16:59:59,6.751e-05,6.896e-05,6.715e-05,6.765e-05,6.765e-05,38634.0
2018-03-10 17:59:59,6.809e-05,6.828e-05,6.71e-05,6.757e-05,6.757e-05,22170.0
2018-03-10 18:59:59,6.755e-05,6.757e-05,6.701e-05,6.757e-05,6.757e-05,23523.0
2018-03-10 19:59:59,6.757e-05,7.43e-05,6.701e-05,7.285e-05,7.285e-05,186954.0
2018-03-10 20:59:59,7.285e-05,7.29e-05,7.046e-05,7.156e-05,7.156e-05,125760.0
2018-03-10 21:59:59,7.156e-05,7.789e-05,7.156e-05,7.4e-05,7.4e-05,592205.0
2018-03-10 22:59:59,7.4e-05,7.457e-05,7.125e-05,7.21e-05,7.21e-05,168687.0
2018-03-10 23:59:59,7.178e-05,7.216e-05,6.937e-05,7e-05,7e-05,142469.0
2018-03-11 00:59:59,7e-05,7.098e-05,6.887e-05,6.932e-05,6.932e-05,79921.0
2018-03-11 01:59:59,6.932e-05,7.157e-05,6.932e-05,7.081e-05,7.081e-05,37876.0
2018-03-11 02:59:59,7.084e-05,7.185e-05,7.081e-05,7.173e-05,7.173e-05,28331.0
2018-03-11 03:59:59,7.169e-05,7.34e-05,7.122e-05,7.306e-05,7.306e-05,51256.0
2018-03-11 04:59:59,7.326e-05,7.328e-05,7.02e-05,7.152e-05,7.152e-05,54900.0
2018-03-11 05:59:59,7.175e-05,7.222e-05,7.043e-05,7.091e-05,7.091e-05,41961.0
2018-03-11 06:59:59,7.105e-05,7.354e-05,7.097e-05,7.206e-05,7.206e-05,148899.0
2018-03-11 07:59:59,7.206e-05,7.33e-05,7.141e-05,7.284e-05,7.284e-05,39953.0
2018-03-11 08:59:59,7.245e-05,7.262e-05,7.101e-05,7.15e-05,7.15e-05,52846.0
2018-03-11 09:59:59,7.202e-05,7.202e-05,7.05e-05,7.115e-05,7.115e-05,34331.0
2018-03-11 10:59:59,7.115e-05,7.119e-05,6.962e-05,7.003e-05,7.003e-05,40171.0
2018-03-11 11:59:59,7.003e-05,7.003e-05,6.928e-05,6.93e-05,6.93e-05,32636.0
2018-03-11 12:59:59,6.969e-05,6.982e-05,6.881e-05,6.909e-05,6.909e-05,22407.0
2018-03-11 13:59:59,6.881e-05,7.085e-05,6.881e-05,7.085e-05,7.085e-05,17140.0
2018-03-11 14:59:59,7.078e-05,7.078e-05,6.965e-05,6.977e-05,6.977e-05,30971.0
2018-03-11 15:59:59,6.965e-05,6.968e-05,6.75e-05,6.786e-05,6.786e-05,64786.0
2018-03-11 16:59:59,6.784e-05,6.819e-05,6.561e-05,6.69e-05,6.69e-05,71564.0
2018-03-11 17:59:59,6.686e-05,6.69e-05,6.609e-05,6.635e-05,6.635e-05,24333.0
2018-03-11 18:59:59,6.636e-05,6.724e-05,6.601e-05,6.65e-05,6.65e-05,15421.0
2018-03-11 19:59:59,6.661e-05,7.389e-05,6.615e-05,6.972e-05,6.972e-05,278432.0
2018-03-11 20:59:59,6.973e-05,7.55e-05,6.912e-05,7.44e-05,7.44e-05,156762.0
2018-03-11 21:59:59,7.455e-05,7.476e-05,7.156e-05,7.172e-05,7.172e-05,27070.0
2018-03-11 22:59:59,7.19e-05,7.206e-05,7.058e-05,7.084e-05,7.084e-05,16672.0
2018-03-11 23:59:59,7.084e-05,7.28e-05,7.084e-05,7.101e-05,7.101e-05,19029.0
2018-03-12 00:59:59,7.105e-05,7.13e-05,6.989e-05,7.024e-05,7.024e-05,22063.0
2018-03-12 01:59:59,7.024e-05,7.067e-05,6.966e-05,7.067e-05,7.067e-05,4776.0
2018-03-12 02:59:59,7.068e-05,7.101e-05,6.999e-05,7.005e-05,7.005e-05,14618.0
2018-03-12 03:59:59,7.009e-05,7.032e-05,7.009e-05,7.009e-05,7.009e-05,4034.0
2018-03-12 04:59:59,7.005e-05,7.125e-05,7e-05,7.048e-05,7.048e-05,11660.0
2018-03-12 05:59:59,7.061e-05,7.095e-05,7.021e-05,7.075e-05,7.075e-05,7987.0
2018-03-12 06:59:59,7.06e-05,7.28e-05,6.987e-05,7.122e-05,7.122e-05,182623.0
2018-03-12 07:59:59,7.122e-05,7.154e-05,6.916e-05,6.924e-05,6.924e-05,33020.0
2018-03-12 08:59:59,6.923e-05,6.954e-05,6.851e-05,6.882e-05,6.882e-05,21820.0
2018-03-12 09:59:59,6.879e-05,6.924e-05,6.872e-05,6.883e-05,6.883e-05,17744.0
2018-03-12 10:59:59,6.902e-05,6.909e-05,6.883e-05,6.906e-05,6.906e-05,13212.0
2018-03-12 11:59:59,6.906e-05,6.906e-05,6.813e-05,6.87e-05,6.87e-05,20491.0
2018-03-12 12:59:59,6.845e-05,6.863e-05,6.778e-05,6.785e-05,6.785e-05,18351.0
2018-03-12 13:59:59,6.787e-05,6.79e-05,6.705e-05,6.769e-05,6.769e-05,23325.0
2018-03-12 14:59:59,6.769e-05,6.867e-05,6.7e-05,6.719e-05,6.719e-05,30517.0
2018-03-12 15:59:59,6.719e-05,6.9e-05,6.645e-05,6.861e-05,6.861e-05,29342.0
2018-03-12 16:59:59,6.861e-05,6.923e-05,6.718e-05,6.723e-05,6.723e-05,24750.0
2018-03-12 17:59:59,6.739e-05,6.739e-05,6.648e-05,6.659e-05,6.659e-05,20510.0
2018-03-12 18:59:59,6.659e-05,6.683e-05,6.648e-05,6.648e-05,6.648e-05,19654.0
2018-03-12 19:59:59,6.648e-05,6.665e-05,6.611e-05,6.627e-05,6.627e-05,40427.0
2018-03-12 20:59:59,6.627e-05,6.685e-05,6.617e-05,6.684e-05,6.684e-05,30501.0
2018-03-12 21:59:59,6.684e-05,6.739e-05,6.665e-05,6.666e-05,6.666e-05,24453.0
2018-03-12 22:59:59,6.655e-05,6.669e-05,6.63e-05,6.668e-05,6.668e-05,14213.0
2018-03-12 23:59:59,6.648e-05,6.669e-05,6.648e-05,6.65e-05,6.65e-05,9645.0
2018-03-13 00:59:59,6.648e-05,6.725e-05,6.648e-05,6.705e-05,6.705e-05,8361.0
2018-03-13 01:59:59,6.705e-05,6.79e-05,6.621e-05,6.745e-05,6.745e-05,17122.0
2018-03-13 02:59:59,6.68e-05,6.769e-05,6.68e-05,6.686e-05,6.686e-05,4354.0
2018-03-13 03:59:59,6.686e-05,6.774e-05,6.63e-05,6.753e-05,6.753e-05,9891.0
2018-03-13 04:59:59,6.721e-05,6.778e-05,6.699e-05,6.74e-05,6.74e-05,5796.0
2018-03-13 05:59:59,6.74e-05,6.771e-05,6.62e-05,6.669e-05,6.669e-05,21410.0
2018-03-13 06:59:59,6.669e-05,6.679e-05,6.619e-05,6.651e-05,6.651e-05,10573.0
2018-03-13 07:59:59,6.651e-05,6.695e-05,6.65e-05,6.695e-05,6.695e-05,5361.0
2018-03-13 08:59:59,6.694e-05,6.699e-05,6.66e-05,6.682e-05,6.682e-05,8153.0
2018-03-13 09:59:59,6.68e-05,6.715e-05,6.651e-05,6.71e-05,6.71e-05,35889.0
2018-03-13 10:59:59,6.709e-05,6.89e-05,6.618e-05,6.618e-05,6.618e-05,80379.0
2018-03-13 11:59:59,6.618e-05,6.686e-05,6.614e-05,6.646e-05,6.646e-05,44722.0
2018-03-13 12:59:59,6.618e-05,6.683e-05,6.52e-05,6.573e-05,6.573e-05,97373.0
2018-03-13 13:59:59,6.571e-05,6.656e-05,6.516e-05,6.562e-05,6.562e-05,10099.0
2018-03-13 14:59:59,6.533e-05,6.61e-05,6.512e-05,6.575e-05,6.575e-05,15508.0
2018-03-13 15:59:59,6.528e-05,6.531e-05,6.411e-05,6.485e-05,6.485e-05,23808.0
2018-03-13 16:59:59,6.442e-05,6.489e-05,6.26e-05,6.265e-05,6.265e-05,55626.0
2018-03-13 17:59:59,6.265e-05,6.35e-05,6.261e-05,6.34e-05,6.34e-05,32181.0
2018-03-13 18:59:59,6.35e-05,6.385e-05,6.263e-05,6.349e-05,6.349e-05,29958.0
2018-03-13 19:59:59,6.342e-05,6.559e-05,6.264e-05,6.434e-05,6.434e-05,50202.0
2018-03-13 20:59:59,6.435e-05,6.435e-05,6.271e-05,6.299e-05,6.299e-05,19983.0
2018-03-13 21:59:59,6.302e-05,6.637e-05,6.302e-05,6.528e-05,6.528e-05,48074.0
2018-03-13 22:59:59,6.471e-05,6.521e-05,6.406e-05,6.452e-05,6.452e-05,11264.0
2018-03-13 23:59:59,6.449e-05,6.449e-05,6.41e-05,6.433e-05,6.433e-05,12859.0
2018-03-14 00:59:59,6.427e-05,6.66e-05,6.349e-05,6.516e-05,6.516e-05,26771.0
2018-03-14 01:59:59,6.482e-05,6.624e-05,6.482e-05,6.487e-05,6.487e-05,28884.0
2018-03-14 02:59:59,6.488e-05,6.602e-05,6.488e-05,6.602e-05,6.602e-05,27785.0
2018-03-14 03:59:59,6.6e-05,6.6e-05,6.552e-05,6.561e-05,6.561e-05,6301.0
2018-03-14 04:59:59,6.552e-05,6.568e-05,6.502e-05,6.568e-05,6.568e-05,17714.0
2018-03-14 05:59:59,6.554e-05,6.596e-05,6.397e-05,6.427e-05,6.427e-05,10547.0
2018-03-14 06:59:59,6.427e-05,6.488e-05,6.412e-05,6.412e-05,6.412e-05,31364.0
2018-03-14 07:59:59,6.412e-05,6.412e-05,6.23e-05,6.259e-05,6.259e-05,31700.0
2018-03-14 08:59:59,6.258e-05,6.289e-05,6.23e-05,6.263e-05,6.263e-05,23397.0
2018-03-14 09:59:59,6.263e-05,6.291e-05,6.214e-05,6.23e-05,6.23e-05,20127.0
2018-03-14 10:59:59,6.231e-05,6.262e-05,6.144e-05,6.151e-05,6.151e-05,19140.0
2018-03-14 11:59:59,6.159e-05,6.259e-05,6.09e-05,6.109e-05,6.109e-05,30969.0
2018-03-14 12:59:59,6.159e-05,6.16e-05,6.12e-05,6.12e-05,6.12e-05,27923.0
2018-03-14 13:59:59,6.12e-05,6.17e-05,6.06e-05,6.07e-05,6.07e-05,20160.0
2018-03-14 14:59:59,6.069e-05,6.1e-05,6.01e-05,6.025e-05,6.025e-05,42769.0
2018-03-14 15:59:59,6.039e-05,6.039e-05,6e-05,6.004e-05,6.004e-05,16156.0
2018-03-14 16:59:59,6.003e-05,6.051e-05,6.001e-05,6.002e-05,6.002e-05,29482.0
2018-03-14 17:59:59,6.002e-05,6.004e-05,5.901e-05,5.901e-05,5.901e-05,25683.0
2018-03-14 18:59:59,5.901e-05,5.994e-05,5.822e-05,5.828e-05,5.828e-05,27421.0
2018-03-14 19:59:59,5.828e-05,5.881e-05,5.821e-05,5.836e-05,5.836e-05,13254.0
2018-03-14 20:59:59,5.836e-05,5.86e-05,5.835e-05,5.86e-05,5.86e-05,21178.0
2018-03-14 21:59:59,5.838e-05,5.971e-05,5.837e-05,5.939e-05,5.939e-05,41208.0
2018-03-14 22:59:59,5.939e-05,6.076e-05,5.939e-05,6.005e-05,6.005e-05,16604.0
2018-03-14 23:59:59,6.005e-05,6.078e-05,5.992e-05,5.992e-05,5.992e-05,25024.0
2018-03-15 00:59:59,5.992e-05,6.05e-05,5.992e-05,5.992e-05,5.992e-05,18247.0
2018-03-15 01:59:59,5.992e-05,5.992e-05,5.921e-05,5.974e-05,5.974e-05,9830.0
2018-03-15 02:59:59,5.977e-05,5.988e-05,5.901e-05,5.903e-05,5.903e-05,16514.0
2018-03-15 03:59:59,5.904e-05,5.938e-05,5.83e-05,5.843e-05,5.843e-05,19425.0
2018-03-15 04:59:59,5.889e-05,5.906e-05,5.821e-05,5.844e-05,5.844e-05,20624.0
2018-03-15 05:59:59,5.866e-05,5.895e-05,5.801e-05,5.809e-05,5.809e-05,11630.0
2018-03-15 06:59:59,5.808e-05,5.87e-05,5.751e-05,5.818e-05,5.818e-05,19590.0
2018-03-15 07:59:59,5.818e-05,5.91e-05,5.818e-05,5.822e-05,5.822e-05,23198.0
2018-03-15 08:59:59,5.816e-05,5.992e-05,5.779e-05,5.834e-05,5.834e-05,41244.0
2018-03-15 09:59:59,5.852e-05,5.861e-05,5.778e-05,5.779e-05,5.779e-05,12771.0
2018-03-15 10:59:59,5.8e-05,5.834e-05,5.7e-05,5.718e-05,5.718e-05,14206.0
2018-03-15 11:59:59,5.729e-05,5.94e-05,5.718e-05,5.928e-05,5.928e-05,29234.0
2018-03-15 12:59:59,5.939e-05,5.986e-05,5.801e-05,5.801e-05,5.801e-05,26261.0
2018-03-15 13:59:59,5.843e-05,5.861e-05,5.803e-05,5.861e-05,5.861e-05,7545.0
2018-03-15 14:59:59,5.861e-05,5.861e-05,5.802e-05,5.807e-05,5.807e-05,10110.0
2018-03-15 15:59:59,5.819e-05,5.87e-05,5.8e-05,5.817e-05,5.817e-05,15990.0
2018-03-15 16:59:59,5.817e-05,5.888e-05,5.812e-05,5.888e-05,5.888e-05,11467.0
2018-03-15 17:59:59,5.85e-05,5.896e-05,5.8e-05,5.804e-05,5.804e-05,16322.0
2018-03-15 18:59:59,5.806e-05,5.874e-05,5.8e-05,5.803e-05,5.803e-05,22843.0
2018-03-15 19:59:59,5.803e-05,5.98e-05,5.8e-05,5.81e-05,5.81e-05,44836.0
2018-03-15 20:59:59,5.831e-05,5.966e-05,5.813e-05,5.885e-05,5.885e-05,29693.0
2018-03-15 21:59:59,5.881e-05,5.971e-05,5.833e-05,5.916e-05,5.916e-05,13328.0
2018-03-15 22:59:59,5.86e-05,5.867e-05,5.8e-05,5.8e-05,5.8e-05,25440.0
2018-03-15 23:59:59,5.801e-05,5.81e-05,5.714e-05,5.749e-05,5.749e-05,31373.0
2018-03-16 00:59:59,5.758e-05,5.803e-05,5.719e-05,5.743e-05,5.743e-05,23039.0
2018-03-16 01:59:59,5.743e-05,5.798e-05,5.736e-05,5.743e-05,5.743e-05,17240.0
2018-03-16 02:59:59,5.743e-05,5.778e-05,5.735e-05,5.752e-05,5.752e-05,15646.0
2018-03-16 03:59:59,5.75e-05,5.785e-05,5.715e-05,5.724e-05,5.724e-05,19720.0
2018-03-16 04:59:59,5.724e-05,5.88e-05,5.724e-05,5.837e-05,5.837e-05,21491.0
2018-03-16 05:59:59,5.816e-05,5.83e-05,5.726e-05,5.739e-05,5.739e-05,16698.0
2018-03-16 06:59:59,5.74e-05,5.787e-05,5.7e-05,5.7e-05,5.7e-05,17212.0
2018-03-16 07:59:59,5.701e-05,5.754e-05,5.7e-05,5.72e-05,5.72e-05,10419.0
2018-03-16 08:59:59,5.72e-05,5.746e-05,5.688e-05,5.7e-05,5.7e-05,17709.0
2018-03-16 09:59:59,5.7e-05,5.731e-05,5.688e-05,5.689e-05,5.689e-05,19835.0
2018-03-16 10:59:59,5.697e-05,5.697e-05,5.604e-05,5.629e-05,5.629e-05,32454.0
2018-03-16 11:59:59,5.629e-05,5.725e-05,5.629e-05,5.67e-05,5.67e-05,17832.0
2018-03-16 12:59:59,5.67e-05,5.725e-05,5.629e-05,5.722e-05,5.722e-05,21997.0
2018-03-16 13:59:59,5.722e-05,6.148e-05,5.639e-05,5.958e-05,5.958e-05,109847.0
2018-03-16 14:59:59,5.948e-05,5.948e-05,5.723e-05,5.834e-05,5.834e-05,34499.0
2018-03-16 15:59:59,5.828e-05,6.15e-05,5.798e-05,5.898e-05,5.898e-05,61951.0
2018-03-16 16:59:59,5.898e-05,5.934e-05,5.73e-05,5.758e-05,5.758e-05,27740.0
2018-03-16 17:59:59,5.758e-05,5.759e-05,5.728e-05,5.737e-05,5.737e-05,19802.0
2018-03-16 18:59:59,5.737e-05,5.749e-05,5.687e-05,5.732e-05,5.732e-05,8193.0
2018-03-16 19:59:59,5.732e-05,5.739e-05,5.687e-05,5.687e-05,5.687e-05,9972.0
2018-03-16 20:59:59,5.725e-05,5.735e-05,5.687e-05,5.71e-05,5.71e-05,10211.0
2018-03-16 21:59:59,5.734e-05,5.734e-05,5.46e-05,5.517e-05,5.517e-05,103437.0
2018-03-16 22:59:59,5.528e-05,5.58e-05,5.513e-05,5.533e-05,5.533e-05,41278.0
2018-03-16 23:59:59,5.536e-05,5.58e-05,5.536e-05,5.555e-05,5.555e-05,12869.0
2018-03-17 00:59:59,5.555e-05,5.555e-05,5.533e-05,5.533e-05,5.533e-05,8374.0
2018-03-17 01:59:59,5.539e-05,5.598e-05,5.539e-05,5.553e-05,5.553e-05,14520.0
2018-03-17 02:59:59,5.554e-05,5.799e-05,5.553e-05,5.796e-05,5.796e-05,66715.0
2018-03-17 03:59:59,5.795e-05,5.796e-05,5.661e-05,5.688e-05,5.688e-05,24004.0
2018-03-17 04:59:59,5.692e-05,5.851e-05,5.688e-05,5.83e-05,5.83e-05,41649.0
2018-03-17 05:59:59,5.827e-05,6.249e-05,5.791e-05,6.114e-05,6.114e-05,227024.0
2018-03-17 06:59:59,6.115e-05,6.148e-05,5.905e-05,6.031e-05,6.031e-05,153467.0
2018-03-17 07:59:59,6.03e-05,6.68e-05,6.001e-05,6.53e-05,6.53e-05,424250.0
2018-03-17 08:59:59,6.5e-05,6.548e-05,6.034e-05,6.138e-05,6.138e-05,332340.0
2018-03-17 09:59:59,6.126e-05,6.304e-05,5.91e-05,5.95e-05,5.95e-05,236090.0
2018-03-17 10:59:59,5.949e-05,6.051e-05,5.895e-05,5.907e-05,5.907e-05,106389.0
2018-03-17 11:59:59,5.907e-05,6.087e-05,5.83e-05,5.83e-05,5.83e-05,88506.0
2018-03-17 12:59:59,5.833e-05,5.858e-05,5.673e-05,5.769e-05,5.769e-05,117304.0
2018-03-17 13:59:59,5.772e-05,5.802e-05,5.7e-05,5.785e-05,5.785e-05,52293.0
2018-03-17 14:59:59,5.785e-05,5.789e-05,5.6e-05,5.685e-05,5.685e-05,88598.0
2018-03-17 15:59:59,5.65e-05,5.675e-05,5.552e-05,5.563e-05,5.563e-05,36367.0
2018-03-17 16:59:59,5.582e-05,5.582e-05,5.35e-05,5.456e-05,5.456e-05,109513.0
2018-03-17 17:59:59,5.461e-05,5.461e-05,5.312e-05,5.316e-05,5.316e-05,32867.0
2018-03-17 18:59:59,5.314e-05,5.514e-05,5.25e-05,5.366e-05,5.366e-05,91321.0
2018-03-17 19:59:59,5.366e-05,5.471e-05,5.366e-05,5.457e-05,5.457e-05,47478.0
2018-03-17 20:59:59,5.457e-05,5.457e-05,5.366e-05,5.391e-05,5.391e-05,22059.0
2018-03-17 21:59:59,5.367e-05,5.661e-05,5.343e-05,5.351e-05,5.351e-05,73118.0
2018-03-17 22:59:59,5.343e-05,5.344e-05,5.202e-05,5.202e-05,5.202e-05,41830.0
2018-03-17 23:59:59,5.206e-05,5.982e-05,5.18e-05,5.865e-05,5.865e-05,243035.0
2018-03-18 00:59:59,5.878e-05,5.887e-05,5.529e-05,5.537e-05,5.537e-05,140503.0
2018-03-18 01:59:59,5.537e-05,5.537e-05,5.278e-05,5.3e-05,5.3e-05,39229.0
2018-03-18 02:59:59,5.298e-05,5.37e-05,5.267e-05,5.365e-05,5.365e-05,29551.0
2018-03-18 03:59:59,5.366e-05,5.366e-05,5.244e-05,5.264e-05,5.264e-05,16555.0
2018-03-18 04:59:59,5.297e-05,5.367e-05,5.27e-05,5.331e-05,5.331e-05,35226.0
2018-03-18 05:59:59,5.311e-05,5.347e-05,5.191e-05,5.241e-05,5.241e-05,50566.0
2018-03-18 06:59:59,5.237e-05,5.263e-05,5.152e-05,5.156e-05,5.156e-05,22331.0
2018-03-18 07:59:59,5.156e-05,5.53e-05,5.156e-05,5.27e-05,5.27e-05,61260.0
2018-03-18 08:59:59,5.246e-05,5.293e-05,5.185e-05,5.21e-05,5.21e-05,42451.0
2018-03-18 09:59:59,5.182e-05,5.217e-05,5.011e-05,5.036e-05,5.036e-05,69590.0
2018-03-18 10:59:59,5.038e-05,5.116e-05,5.006e-05,5.007e-05,5.007e-05,59853.0
2018-03-18 11:59:59,5.006e-05,5.032e-05,4.809e-05,4.908e-05,4.908e-05,53992.0
2018-03-18 12:59:59,4.9e-05,4.909e-05,4.802e-05,4.802e-05,4.802e-05,64597.0
2018-03-18 13:59:59,4.802e-05,4.909e-05,4.802e-05,4.826e-05,4.826e-05,26660.0
2018-03-18 14:59:59,4.827e-05,4.941e-05,4.827e-05,4.941e-05,4.941e-05,34016.0
2018-03-18 15:59:59,4.941e-05,5.195e-05,4.936e-05,4.953e-05,4.953e-05,62081.0
2018-03-18 16:59:59,4.952e-05,5.049e-05,4.913e-05,4.92e-05,4.92e-05,13698.0
2018-03-18 17:59:59,4.95e-05,5.049e-05,4.923e-05,4.998e-05,4.998e-05,15805.0
2018-03-18 18:59:59,4.995e-05,5.43e-05,4.985e-05,5.165e-05,5.165e-05,87178.0
2018-03-18 19:59:59,5.163e-05,5.163e-05,4.995e-05,5.026e-05,5.026e-05,35877.0
2018-03-18 20:59:59,5.051e-05,5.805e-05,5.051e-05,5.201e-05,5.201e-05,116799.0
2018-03-18 21:59:59,5.23e-05,5.445e-05,5.087e-05,5.235e-05,5.235e-05,33874.0
2018-03-18 22:59:59,5.259e-05,5.259e-05,5.019e-05,5.071e-05,5.071e-05,11609.0
2018-03-18 23:59:59,5.078e-05,5.336e-05,5.071e-05,5.309e-05,5.309e-05,13503.0
2018-03-19 00:59:59,5.309e-05,5.374e-05,5.248e-05,5.27e-05,5.27e-05,11766.0
2018-03-19 01:59:59,5.291e-05,5.479e-05,5.244e-05,5.285e-05,5.285e-05,54789.0
2018-03-19 02:59:59,5.297e-05,5.555e-05,5.245e-05,5.274e-05,5.274e-05,17720.0
2018-03-19 03:59:59,5.279e-05,5.309e-05,5.173e-05,5.199e-05,5.199e-05,20527.0
2018-03-19 04:59:59,5.176e-05,5.237e-05,5.173e-05,5.23e-05,5.23e-05,21674.0
2018-03-19 05:59:59,5.227e-05,5.325e-05,5.227e-05,5.324e-05,5.324e-05,25714.0
2018-03-19 06:59:59,5.324e-05,5.339e-05,5.061e-05,5.084e-05,5.084e-05,62565.0
2018-03-19 07:59:59,5.084e-05,5.086e-05,4.916e-05,5.022e-05,5.022e-05,40647.0
2018-03-19 08:59:59,5.022e-05,5.124e-05,5.022e-05,5.099e-05,5.099e-05,20488.0
2018-03-19 09:59:59,5.119e-05,5.555e-05,5e-05,5.198e-05,5.198e-05,104380.0
2018-03-19 10:59:59,5.198e-05,5.498e-05,5.05e-05,5.152e-05,5.152e-05,66585.0
2018-03-19 11:59:59,5.153e-05,5.485e-05,5.128e-05,5.222e-05,5.222e-05,73061.0
2018-03-19 12:59:59,5.214e-05,5.315e-05,5.152e-05,5.226e-05,5.226e-05,38413.0
2018-03-19 13:59:59,5.225e-05,5.349e-05,5.148e-05,5.198e-05,5.198e-05,20301.0
2018-03-19 14:59:59,5.172e-05,5.187e-05,5.086e-05,5.187e-05,5.187e-05,38119.0
2018-03-19 15:59:59,5.153e-05,5.469e-05,5.147e-05,5.169e-05,5.169e-05,140749.0
2018-03-19 16:59:59,5.162e-05,5.58e-05,5.157e-05,5.188e-05,5.188e-05,62021.0
2018-03-19 17:59:59,5.182e-05,5.235e-05,5.168e-05,5.213e-05,5.213e-05,27409.0
2018-03-19 18:59:59,5.208e-05,5.238e-05,5.169e-05,5.196e-05,5.196e-05,29988.0
2018-03-19 19:59:59,5.176e-05,5.541e-05,5.169e-05,5.25e-05,5.25e-05,112433.0
2018-03-19 20:59:59,5.267e-05,5.518e-05,5.21e-05,5.343e-05,5.343e-05,59694.0
2018-03-19 21:59:59,5.365e-05,5.574e-05,5.365e-05,5.496e-05,5.496e-05,74710.0
2018-03-19 22:59:59,5.496e-05,5.52e-05,5.495e-05,5.506e-05,5.506e-05,36083.0
2018-03-19 23:59:59,5.495e-05,5.506e-05,5.44e-05,5.443e-05,5.443e-05,25400.0
2018-03-20 00:59:59,5.469e-05,5.489e-05,5.44e-05,5.454e-05,5.454e-05,6279.0
2018-03-20 01:59:59,5.454e-05,5.482e-05,5.386e-05,5.386e-05,5.386e-05,23509.0
2018-03-20 02:59:59,5.386e-05,5.409e-05,5.32e-05,5.391e-05,5.391e-05,2563.0
2018-03-20 03:59:59,5.337e-05,5.519e-05,5.285e-05,5.468e-05,5.468e-05,77246.0
2018-03-20 04:59:59,5.468e-05,5.477e-05,5.367e-05,5.367e-05,5.367e-05,6902.0
2018-03-20 05:59:59,5.367e-05,5.44e-05,5e-05,5.141e-05,5.141e-05,143313.0
2018-03-20 06:59:59,5.141e-05,5.17e-05,5.109e-05,5.141e-05,5.141e-05,45821.0
2018-03-20 07:59:59,5.166e-05,5.218e-05,5.144e-05,5.156e-05,5.156e-05,23831.0
2018-03-20 08:59:59,5.161e-05,5.345e-05,5.161e-05,5.25e-05,5.25e-05,38387.0
2018-03-20 09:59:59,5.255e-05,5.346e-05,5.206e-05,5.296e-05,5.296e-05,71742.0
2018-03-20 10:59:59,5.296e-05,5.424e-05,5.263e-05,5.4e-05,5.4e-05,23846.0
2018-03-20 11:59:59,5.4e-05,5.41e-05,5.292e-05,5.361e-05,5.361e-05,44880.0
2018-03-20 12:59:59,5.326e-05,5.457e-05,5.325e-05,5.426e-05,5.426e-05,16090.0
2018-03-20 13:59:59,5.444e-05,6.707e-05,5.441e-05,5.683e-05,5.683e-05,1976233.0
2018-03-20 14:59:59,5.7e-05,6.399e-05,5.658e-05,6e-05,6e-05,770438.0
2018-03-20 15:59:59,6e-05,6.314e-05,5.816e-05,6.313e-05,6.313e-05,317311.0
2018-03-20 16:59:59,6.293e-05,6.312e-05,5.815e-05,5.815e-05,5.815e-05,234613.0
2018-03-20 17:59:59,5.82e-05,5.914e-05,5.758e-05,5.871e-05,5.871e-05,68593.0
2018-03-20 18:59:59,5.871e-05,5.871e-05,5.751e-05,5.761e-05,5.761e-05,39034.0
2018-03-20 19:59:59,5.78e-05,5.936e-05,5.764e-05,5.906e-05,5.906e-05,57004.0
2018-03-20 20:59:59,5.906e-05,5.99e-05,5.684e-05,5.8e-05,5.8e-05,68699.0
2018-03-20 21:59:59,5.764e-05,5.789e-05,5.68e-05,5.684e-05,5.684e-05,27638.0
2018-03-20 22:59:59,5.684e-05,5.765e-05,5.604e-05,5.699e-05,5.699e-05,34495.0
2018-03-20 23:59:59,5.699e-05,5.699e-05,5.674e-05,5.69e-05,5.69e-05,10437.0
2018-03-21 00:59:59,5.691e-05,5.752e-05,5.602e-05,5.745e-05,5.745e-05,12559.0
2018-03-21 01:59:59,5.718e-05,5.83e-05,5.702e-05,5.773e-05,5.773e-05,20540.0
2018-03-21 02:59:59,5.775e-05,5.801e-05,5.766e-05,5.781e-05,5.781e-05,7537.0
2018-03-21 03:59:59,5.781e-05,5.823e-05,5.679e-05,5.767e-05,5.767e-05,28969.0
2018-03-21 04:59:59,5.755e-05,5.874e-05,5.755e-05,5.78e-05,5.78e-05,32422.0
2018-03-21 05:59:59,5.755e-05,5.893e-05,5.726e-05,5.756e-05,5.756e-05,29396.0
2018-03-21 06:59:59,5.761e-05,5.832e-05,5.726e-05,5.82e-05,5.82e-05,17109.0
2018-03-21 07:59:59,5.819e-05,6.352e-05,5.819e-05,6.128e-05,6.128e-05,163047.0
2018-03-21 08:59:59,6.126e-05,6.35e-05,5.861e-05,5.94e-05,5.94e-05,217070.0
2018-03-21 09:59:59,5.924e-05,6.099e-05,5.859e-05,5.9e-05,5.9e-05,82720.0
2018-03-21 10:59:59,5.899e-05,5.899e-05,5.731e-05,5.786e-05,5.786e-05,74282.0
2018-03-21 11:59:59,5.786e-05,5.82e-05,5.726e-05,5.786e-05,5.786e-05,26198.0
2018-03-21 12:59:59,5.786e-05,5.919e-05,5.707e-05,5.841e-05,5.841e-05,47084.0
2018-03-21 13:59:59,5.835e-05,5.858e-05,5.771e-05,5.78e-05,5.78e-05,80817.0
2018-03-21 14:59:59,5.78e-05,5.825e-05,5.745e-05,5.746e-05,5.746e-05,82754.0
2018-03-21 15:59:59,5.746e-05,5.75e-05,5.555e-05,5.723e-05,5.723e-05,93994.0
2018-03-21 16:59:59,5.718e-05,5.783e-05,5.685e-05,5.783e-05,5.783e-05,23747.0
2018-03-21 17:59:59,5.783e-05,6.118e-05,5.756e-05,6.046e-05,6.046e-05,115603.0
2018-03-21 18:59:59,6.045e-05,6.116e-05,5.889e-05,5.938e-05,5.938e-05,63459.0
2018-03-21 19:59:59,5.931e-05,5.983e-05,5.894e-05,5.974e-05,5.974e-05,12517.0
2018-03-21 20:59:59,5.974e-05,6e-05,5.86e-05,5.86e-05,5.86e-05,65616.0
2018-03-21 21:59:59,5.86e-05,5.876e-05,5.855e-05,5.866e-05,5.866e-05,11663.0
2018-03-21 22:59:59,5.867e-05,6.193e-05,5.867e-05,5.95e-05,5.95e-05,62348.0
2018-03-21 23:59:59,5.946e-05,5.983e-05,5.806e-05,5.854e-05,5.854e-05,68264.0
2018-03-22 00:59:59,5.855e-05,5.882e-05,5.7e-05,5.737e-05,5.737e-05,130408.0
2018-03-22 01:59:59,5.737e-05,5.834e-05,5.737e-05,5.789e-05,5.789e-05,22691.0
2018-03-22 02:59:59,5.8e-05,5.895e-05,5.79e-05,5.83e-05,5.83e-05,17784.0
2018-03-22 03:59:59,5.831e-05,5.85e-05,5.746e-05,5.747e-05,5.747e-05,42374.0
2018-03-22 04:59:59,5.747e-05,5.83e-05,5.7e-05,5.713e-05,5.713e-05,49216.0
2018-03-22 05:59:59,5.713e-05,5.89e-05,5.7e-05,5.855e-05,5.855e-05,27228.0
2018-03-22 06:59:59,5.826e-05,5.891e-05,5.761e-05,5.829e-05,5.829e-05,112811.0
2018-03-22 07:59:59,5.809e-05,5.95e-05,5.76e-05,5.929e-05,5.929e-05,49231.0
2018-03-22 08:59:59,5.929e-05,6.119e-05,5.893e-05,6.055e-05,6.055e-05,89903.0
2018-03-22 09:59:59,6.076e-05,6.231e-05,6.057e-05,6.202e-05,6.202e-05,34685.0
2018-03-22 10:59:59,6.221e-05,6.24e-05,5.835e-05,5.944e-05,5.944e-05,133546.0
2018-03-22 11:59:59,5.93e-05,6.078e-05,5.833e-05,6.013e-05,6.013e-05,71958.0
2018-03-22 12:59:59,6.013e-05,6.6e-05,5.55e-05,5.644e-05,5.644e-05,1006364.0
2018-03-22 13:59:59,5.634e-05,5.74e-05,5.611e-05,5.703e-05,5.703e-05,81340.0
2018-03-22 14:59:59,5.709e-05,5.75e-05,5.65e-05,5.711e-05,5.711e-05,23941.0
2018-03-22 15:59:59,5.699e-05,5.759e-05,5.65e-05,5.719e-05,5.719e-05,34940.0
2018-03-22 16:59:59,5.723e-05,5.871e-05,5.692e-05,5.771e-05,5.771e-05,74843.0
2018-03-22 17:59:59,5.783e-05,5.785e-05,5.662e-05,5.77e-05,5.77e-05,28681.0
2018-03-22 18:59:59,5.769e-05,5.832e-05,5.715e-05,5.828e-05,5.828e-05,18659.0
2018-03-22 19:59:59,5.82e-05,5.82e-05,5.66e-05,5.731e-05,5.731e-05,41644.0
2018-03-22 20:59:59,5.731e-05,5.735e-05,5.661e-05,5.701e-05,5.701e-05,25915.0
2018-03-22 21:59:59,5.701e-05,5.8e-05,5.676e-05,5.769e-05,5.769e-05,10805.0
2018-03-22 22:59:59,5.777e-05,5.8e-05,5.736e-05,5.736e-05,5.736e-05,11721.0
2018-03-22 23:59:59,5.735e-05,5.735e-05,5.601e-05,5.623e-05,5.623e-05,46610.0
2018-03-23 00:59:59,5.622e-05,5.632e-05,5.511e-05,5.54e-05,5.54e-05,67921.0
2018-03-23 01:59:59,5.52e-05,5.57e-05,5.519e-05,5.529e-05,5.529e-05,37264.0
2018-03-23 02:59:59,5.526e-05,5.573e-05,5.512e-05,5.54e-05,5.54e-05,24702.0
2018-03-23 03:59:59,5.54e-05,5.572e-05,5.454e-05,5.531e-05,5.531e-05,38164.0
2018-03-23 04:59:59,5.531e-05,5.548e-05,5.411e-05,5.415e-05,5.415e-05,22759.0
2018-03-23 05:59:59,5.411e-05,5.534e-05,5.401e-05,5.423e-05,5.423e-05,19073.0
2018-03-23 06:59:59,5.422e-05,5.544e-05,5.422e-05,5.48e-05,5.48e-05,11828.0
2018-03-23 07:59:59,5.48e-05,5.513e-05,5.433e-05,5.454e-05,5.454e-05,13418.0
2018-03-23 08:59:59,5.468e-05,5.513e-05,5.432e-05,5.513e-05,5.513e-05,21361.0
2018-03-23 09:59:59,5.483e-05,5.531e-05,5.474e-05,5.474e-05,5.474e-05,21757.0
2018-03-23 10:59:59,5.514e-05,6e-05,5.479e-05,5.859e-05,5.859e-05,157279.0
2018-03-23 11:59:59,5.837e-05,5.877e-05,5.741e-05,5.758e-05,5.758e-05,51212.0
2018-03-23 12:59:59,5.759e-05,6.049e-05,5.625e-05,5.872e-05,5.872e-05,121037.0
2018-03-23 13:59:59,5.921e-05,6e-05,5.721e-05,5.725e-05,5.725e-05,39389.0
2018-03-23 14:59:59,5.722e-05,5.799e-05,5.721e-05,5.773e-05,5.773e-05,25952.0
2018-03-23 15:59:59,5.773e-05,6.046e-05,5.721e-05,5.979e-05,5.979e-05,84014.0
2018-03-23 16:59:59,5.982e-05,6.043e-05,5.908e-05,6.007e-05,6.007e-05,48700.0
2018-03-23 17:59:59,6.042e-05,6.057e-05,6e-05,6.057e-05,6.057e-05,27258.0
2018-03-23 18:59:59,6.058e-05,6.098e-05,5.924e-05,5.982e-05,5.982e-05,25213.0
2018-03-23 19:59:59,5.982e-05,6.099e-05,5.933e-05,6.059e-05,6.059e-05,25406.0
2018-03-23 20:59:59,6.083e-05,6.095e-05,6.059e-05,6.066e-05,6.066e-05,7821.0
2018-03-23 21:59:59,6.066e-05,6.096e-05,5.9e-05,6e-05,6e-05,59398.0
2018-03-23 22:59:59,5.95e-05,6.098e-05,5.95e-05,6.068e-05,6.068e-05,45132.0
2018-03-23 23:59:59,6.068e-05,6.088e-05,6.068e-05,6.073e-05,6.073e-05,6303.0
2018-03-24 00:59:59,6.073e-05,6.1e-05,5.956e-05,6.045e-05,6.045e-05,44084.0
2018-03-24 01:59:59,6.058e-05,6.199e-05,5.913e-05,5.959e-05,5.959e-05,50543.0
2018-03-24 02:59:59,5.959e-05,5.959e-05,5.756e-05,5.86e-05,5.86e-05,15602.0
2018-03-24 03:59:59,5.832e-05,5.909e-05,5.832e-05,5.899e-05,5.899e-05,4483.0
2018-03-24 04:59:59,5.867e-05,5.902e-05,5.721e-05,5.85e-05,5.85e-05,29217.0
2018-03-24 05:59:59,5.849e-05,5.943e-05,5.794e-05,5.899e-05,5.899e-05,31561.0
2018-03-24 06:59:59,5.899e-05,5.899e-05,5.763e-05,5.891e-05,5.891e-05,20141.0
2018-03-24 07:59:59,5.862e-05,5.885e-05,5.78e-05,5.882e-05,5.882e-05,8491.0
2018-03-24 08:59:59,5.876e-05,5.949e-05,5.836e-05,5.929e-05,5.929e-05,9969.0
2018-03-24 09:59:59,5.888e-05,5.973e-05,5.849e-05,5.856e-05,5.856e-05,19703.0
2018-03-24 10:59:59,5.857e-05,5.912e-05,5.85e-05,5.909e-05,5.909e-05,9852.0
2018-03-24 11:59:59,5.871e-05,6.179e-05,5.859e-05,5.899e-05,5.899e-05,51416.0
2018-03-24 12:59:59,5.874e-05,5.929e-05,5.812e-05,5.843e-05,5.843e-05,13938.0
2018-03-24 13:59:59,5.852e-05,6.25e-05,5.852e-05,6.219e-05,6.219e-05,123954.0
2018-03-24 14:59:59,6.234e-05,6.245e-05,6.11e-05,6.202e-05,6.202e-05,47300.0
2018-03-24 15:59:59,6.201e-05,6.201e-05,6.056e-05,6.11e-05,6.11e-05,55966.0
2018-03-24 16:59:59,6.086e-05,6.175e-05,6.082e-05,6.138e-05,6.138e-05,24160.0
2018-03-24 17:59:59,6.157e-05,6.228e-05,6.111e-05,6.149e-05,6.149e-05,34432.0
2018-03-24 18:59:59,6.156e-05,6.156e-05,5.948e-05,6.001e-05,6.001e-05,17636.0
2018-03-24 19:59:59,6.001e-05,6.091e-05,5.943e-05,6.03e-05,6.03e-05,20914.0
2018-03-24 20:59:59,6.047e-05,6.147e-05,6.047e-05,6.067e-05,6.067e-05,13761.0
2018-03-24 21:59:59,6.069e-05,6.147e-05,5.977e-05,6.013e-05,6.013e-05,19500.0
2018-03-24 22:59:59,6.044e-05,6.091e-05,5.954e-05,5.958e-05,5.958e-05,11052.0
2018-03-24 23:59:59,5.972e-05,6.265e-05,5.829e-05,6.25e-05,6.25e-05,109453.0
2018-03-25 00:59:59,6.209e-05,6.249e-05,6.154e-05,6.22e-05,6.22e-05,14392.0
2018-03-25 01:59:59,6.215e-05,6.215e-05,6.154e-05,6.189e-05,6.189e-05,6967.0
2018-03-25 02:59:59,6.157e-05,6.212e-05,6.151e-05,6.153e-05,6.153e-05,13192.0
2018-03-25 03:59:59,6.153e-05,6.231e-05,6.127e-05,6.127e-05,6.127e-05,26962.0
2018-03-25 04:59:59,6.151e-05,6.249e-05,6.15e-05,6.205e-05,6.205e-05,18199.0
2018-03-25 05:59:59,6.205e-05,6.246e-05,6.205e-05,6.246e-05,6.246e-05,12463.0
2018-03-25 06:59:59,6.232e-05,6.265e-05,6.16e-05,6.216e-05,6.216e-05,19287.0
2018-03-25 07:59:59,6.217e-05,6.294e-05,6.127e-05,6.264e-05,6.264e-05,28425.0
2018-03-25 08:59:59,6.294e-05,6.533e-05,6.157e-05,6.157e-05,6.157e-05,261955.0
2018-03-25 09:59:59,6.157e-05,6.285e-05,6.157e-05,6.182e-05,6.182e-05,40043.0
2018-03-25 10:59:59,6.2e-05,6.323e-05,6.122e-05,6.302e-05,6.302e-05,56703.0
2018-03-25 11:59:59,6.302e-05,6.485e-05,6.302e-05,6.425e-05,6.425e-05,48820.0
2018-03-25 12:59:59,6.45e-05,6.743e-05,6.425e-05,6.54e-05,6.54e-05,255917.0
2018-03-25 13:59:59,6.54e-05,6.717e-05,6.401e-05,6.421e-05,6.421e-05,54058.0
2018-03-25 14:59:59,6.421e-05,6.454e-05,6.355e-05,6.375e-05,6.375e-05,18751.0
2018-03-25 15:59:59,6.376e-05,6.525e-05,6.356e-05,6.525e-05,6.525e-05,9192.0
2018-03-25 16:59:59,6.524e-05,6.662e-05,6.361e-05,6.529e-05,6.529e-05,47450.0
2018-03-25 17:59:59,6.551e-05,6.655e-05,6.551e-05,6.62e-05,6.62e-05,10249.0
2018-03-25 18:59:59,6.62e-05,6.641e-05,6.419e-05,6.542e-05,6.542e-05,69879.0
2018-03-25 19:59:59,6.542e-05,6.63e-05,6.485e-05,6.63e-05,6.63e-05,30291.0
2018-03-25 20:59:59,6.571e-05,6.63e-05,6.457e-05,6.541e-05,6.541e-05,9916.0
2018-03-25 21:59:59,6.541e-05,6.592e-05,6.462e-05,6.549e-05,6.549e-05,6738.0
2018-03-25 22:59:59,6.524e-05,6.69e-05,6.423e-05,6.644e-05,6.644e-05,36008.0
2018-03-25 23:59:59,6.66e-05,7.186e-05,6.65e-05,6.796e-05,6.796e-05,312897.0
2018-03-26 00:59:59,6.797e-05,6.879e-05,6.751e-05,6.876e-05,6.876e-05,31764.0
2018-03-26 01:59:59,6.876e-05,7.101e-05,6.837e-05,7.008e-05,7.008e-05,69888.0
2018-03-26 02:59:59,7.048e-05,7.195e-05,7.003e-05,7.153e-05,7.153e-05,92177.0
2018-03-26 03:59:59,7.19e-05,7.2e-05,6.853e-05,6.909e-05,6.909e-05,38156.0
2018-03-26 04:59:59,6.909e-05,6.935e-05,6.708e-05,6.708e-05,6.708e-05,51135.0
2018-03-26 05:59:59,6.71e-05,6.831e-05,6.71e-05,6.831e-05,6.831e-05,26385.0
2018-03-26 06:59:59,6.831e-05,6.831e-05,6.44e-05,6.525e-05,6.525e-05,99822.0
2018-03-26 07:59:59,6.535e-05,6.6e-05,6.395e-05,6.521e-05,6.521e-05,50192.0
2018-03-26 08:59:59,6.52e-05,6.52e-05,6.177e-05,6.19e-05,6.19e-05,89347.0
2018-03-26 09:59:59,6.217e-05,6.518e-05,6.188e-05,6.319e-05,6.319e-05,58144.0
2018-03-26 10:59:59,6.326e-05,6.388e-05,6.286e-05,6.337e-05,6.337e-05,42222.0
2018-03-26 11:59:59,6.337e-05,6.416e-05,6.152e-05,6.161e-05,6.161e-05,25823.0
2018-03-26 12:59:59,6.159e-05,6.161e-05,6.01e-05,6.019e-05,6.019e-05,52114.0
2018-03-26 13:59:59,6.017e-05,6.133e-05,5.955e-05,6.078e-05,6.078e-05,34651.0
2018-03-26 14:59:59,6.079e-05,6.079e-05,5.91e-05,5.931e-05,5.931e-05,27929.0
2018-03-26 15:59:59,5.931e-05,5.99e-05,5.901e-05,5.944e-05,5.944e-05,13068.0
2018-03-26 16:59:59,5.944e-05,6.229e-05,5.944e-05,6.147e-05,6.147e-05,70334.0
2018-03-26 17:59:59,6.135e-05,6.188e-05,6.002e-05,6.067e-05,6.067e-05,16065.0
2018-03-26 18:59:59,6.066e-05,6.178e-05,6.001e-05,6.167e-05,6.167e-05,10833.0
2018-03-26 19:59:59,6.094e-05,6.28e-05,6.094e-05,6.23e-05,6.23e-05,18281.0
2018-03-26 20:59:59,6.254e-05,6.355e-05,6.22e-05,6.297e-05,6.297e-05,12235.0
2018-03-26 21:59:59,6.304e-05,6.424e-05,6.222e-05,6.339e-05,6.339e-05,12079.0
2018-03-26 22:59:59,6.339e-05,6.424e-05,6.339e-05,6.375e-05,6.375e-05,8586.0
2018-03-26 23:59:59,6.368e-05,6.898e-05,6.258e-05,6.626e-05,6.626e-05,250922.0
2018-03-27 00:59:59,6.629e-05,6.967e-05,6.43e-05,6.501e-05,6.501e-05,330360.0
2018-03-27 01:59:59,6.507e-05,6.908e-05,6.429e-05,6.429e-05,6.429e-05,155781.0
2018-03-27 02:59:59,6.44e-05,6.461e-05,6.2e-05,6.214e-05,6.214e-05,75596.0
2018-03-27 03:59:59,6.214e-05,6.278e-05,6.08e-05,6.116e-05,6.116e-05,74045.0
2018-03-27 04:59:59,6.119e-05,6.164e-05,6.045e-05,6.151e-05,6.151e-05,31553.0
2018-03-27 05:59:59,6.165e-05,6.177e-05,6.151e-05,6.157e-05,6.157e-05,9748.0
2018-03-27 06:59:59,6.152e-05,6.178e-05,6.1e-05,6.1e-05,6.1e-05,13460.0
2018-03-27 07:59:59,6.1e-05,6.154e-05,6.1e-05,6.145e-05,6.145e-05,12892.0
2018-03-27 08:59:59,6.139e-05,6.139e-05,6.079e-05,6.09e-05,6.09e-05,5611.0
2018-03-27 09:59:59,6.09e-05,6.145e-05,6.09e-05,6.122e-05,6.122e-05,12394.0
2018-03-27 10:59:59,6.122e-05,6.2e-05,6.114e-05,6.119e-05,6.119e-05,16038.0
2018-03-27 11:59:59,6.174e-05,6.312e-05,6.137e-05,6.191e-05,6.191e-05,33214.0
2018-03-27 12:59:59,6.197e-05,6.334e-05,6.16e-05,6.32e-05,6.32e-05,34498.0
2018-03-27 13:59:59,6.275e-05,6.6e-05,6.275e-05,6.467e-05,6.467e-05,60738.0
2018-03-27 14:59:59,6.463e-05,6.79e-05,6.286e-05,6.622e-05,6.622e-05,285131.0
2018-03-27 15:59:59,6.622e-05,6.64e-05,6.305e-05,6.396e-05,6.396e-05,93363.0
2018-03-27 16:59:59,6.396e-05,6.853e-05,6.339e-05,6.393e-05,6.393e-05,216659.0
2018-03-27 17:59:59,6.392e-05,6.584e-05,6.272e-05,6.343e-05,6.343e-05,87808.0
2018-03-27 18:59:59,6.318e-05,6.359e-05,6.275e-05,6.335e-05,6.335e-05,20496.0
2018-03-27 19:59:59,6.33e-05,6.338e-05,6.292e-05,6.307e-05,6.307e-05,8950.0
2018-03-27 20:59:59,6.307e-05,6.335e-05,6.111e-05,6.207e-05,6.207e-05,102489.0
2018-03-27 21:59:59,6.198e-05,6.2e-05,6.128e-05,6.128e-05,6.128e-05,28286.0
2018-03-27 22:59:59,6.118e-05,6.197e-05,6.112e-05,6.14e-05,6.14e-05,53087.0
2018-03-27 23:59:59,6.144e-05,6.273e-05,6.126e-05,6.189e-05,6.189e-05,29219.0
2018-03-28 00:59:59,6.194e-05,6.274e-05,6.189e-05,6.255e-05,6.255e-05,15212.0
2018-03-28 01:59:59,6.255e-05,6.262e-05,6.198e-05,6.245e-05,6.245e-05,8529.0
2018-03-28 02:59:59,6.245e-05,6.377e-05,6.221e-05,6.243e-05,6.243e-05,23693.0
2018-03-28 03:59:59,6.236e-05,6.281e-05,6.189e-05,6.259e-05,6.259e-05,30599.0
2018-03-28 04:59:59,6.259e-05,6.259e-05,6.136e-05,6.2e-05,6.2e-05,24949.0
2018-03-28 05:59:59,6.187e-05,6.204e-05,6.145e-05,6.186e-05,6.186e-05,17256.0
2018-03-28 06:59:59,6.187e-05,6.242e-05,6.17e-05,6.231e-05,6.231e-05,17204.0
2018-03-28 07:59:59,6.242e-05,6.299e-05,6.19e-05,6.223e-05,6.223e-05,25138.0
2018-03-28 08:59:59,6.227e-05,6.277e-05,6.227e-05,6.26e-05,6.26e-05,14925.0
2018-03-28 09:59:59,6.26e-05,6.28e-05,6.23e-05,6.251e-05,6.251e-05,10032.0
2018-03-28 10:59:59,6.26e-05,6.351e-05,6.223e-05,6.351e-05,6.351e-05,57795.0
2018-03-28 11:59:59,6.361e-05,6.547e-05,6.16e-05,6.16e-05,6.16e-05,193458.0
2018-03-28 12:59:59,6.159e-05,6.186e-05,6.156e-05,6.186e-05,6.186e-05,13412.0
2018-03-28 13:59:59,6.179e-05,6.248e-05,6.179e-05,6.235e-05,6.235e-05,10268.0
2018-03-28 14:59:59,6.246e-05,6.446e-05,6.201e-05,6.269e-05,6.269e-05,133065.0
2018-03-28 15:59:59,6.269e-05,6.362e-05,6.239e-05,6.342e-05,6.342e-05,15594.0
2018-03-28 16:59:59,6.331e-05,6.356e-05,6.27e-05,6.278e-05,6.278e-05,7959.0
2018-03-28 17:59:59,6.28e-05,6.341e-05,6.254e-05,6.261e-05,6.261e-05,4185.0
2018-03-28 18:59:59,6.261e-05,6.28e-05,6.175e-05,6.24e-05,6.24e-05,11401.0
2018-03-28 19:59:59,6.235e-05,6.265e-05,6.175e-05,6.206e-05,6.206e-05,6469.0
2018-03-28 20:59:59,6.22e-05,6.239e-05,6.161e-05,6.196e-05,6.196e-05,13802.0
2018-03-28 21:59:59,6.196e-05,6.363e-05,6.176e-05,6.248e-05,6.248e-05,20857.0
2018-03-28 22:59:59,6.248e-05,6.272e-05,6.248e-05,6.264e-05,6.264e-05,4695.0
2018-03-28 23:59:59,6.264e-05,6.369e-05,6.264e-05,6.312e-05,6.312e-05,15804.0
2018-03-29 00:59:59,6.308e-05,6.318e-05,6.272e-05,6.288e-05,6.288e-05,5656.0
2018-03-29 01:59:59,6.292e-05,6.292e-05,6.19e-05,6.206e-05,6.206e-05,13829.0
2018-03-29 02:59:59,6.206e-05,6.293e-05,6.205e-05,6.262e-05,6.262e-05,11923.0
2018-03-29 03:59:59,6.272e-05,6.299e-05,6.205e-05,6.218e-05,6.218e-05,12412.0
2018-03-29 04:59:59,6.218e-05,6.218e-05,6.18e-05,6.197e-05,6.197e-05,7326.0
2018-03-29 05:59:59,6.197e-05,6.198e-05,6.112e-05,6.112e-05,6.112e-05,20580.0
2018-03-29 06:59:59,6.114e-05,6.168e-05,6.1e-05,6.1e-05,6.1e-05,16028.0
2018-03-29 07:59:59,6.1e-05,6.1e-05,5.925e-05,5.977e-05,5.977e-05,36777.0
2018-03-29 08:59:59,5.977e-05,6.014e-05,5.888e-05,5.94e-05,5.94e-05,26382.0
2018-03-29 09:59:59,5.943e-05,6.199e-05,5.889e-05,6.051e-05,6.051e-05,70326.0
2018-03-29 10:59:59,6.043e-05,6.12e-05,5.919e-05,5.94e-05,5.94e-05,15978.0
2018-03-29 11:59:59,5.939e-05,5.958e-05,5.85e-05,5.953e-05,5.953e-05,19091.0
2018-03-29 12:59:59,5.945e-05,5.969e-05,5.867e-05,5.892e-05,5.892e-05,8351.0
2018-03-29 13:59:59,5.91e-05,5.963e-05,5.817e-05,5.947e-05,5.947e-05,57523.0
2018-03-29 14:59:59,5.951e-05,5.969e-05,5.89e-05,5.908e-05,5.908e-05,20360.0
2018-03-29 15:59:59,5.908e-05,5.914e-05,5.86e-05,5.891e-05,5.891e-05,5615.0
2018-03-29 16:59:59,5.891e-05,5.981e-05,5.891e-05,5.969e-05,5.969e-05,17274.0
2018-03-29 17:59:59,5.963e-05,5.969e-05,5.85e-05,5.866e-05,5.866e-05,44072.0
2018-03-29 18:59:59,5.85e-05,5.959e-05,5.849e-05,5.896e-05,5.896e-05,20158.0
2018-03-29 19:59:59,5.892e-05,5.93e-05,5.823e-05,5.918e-05,5.918e-05,8411.0
2018-03-29 20:59:59,5.872e-05,5.898e-05,5.841e-05,5.849e-05,5.849e-05,2303.0
2018-03-29 21:59:59,5.856e-05,5.969e-05,5.806e-05,5.91e-05,5.91e-05,27841.0
2018-03-29 22:59:59,5.91e-05,5.91e-05,5.79e-05,5.878e-05,5.878e-05,14944.0
2018-03-29 23:59:59,5.857e-05,6.14e-05,5.857e-05,5.95e-05,5.95e-05,69930.0
2018-03-30 00:59:59,5.95e-05,5.963e-05,5.904e-05,5.921e-05,5.921e-05,18242.0
2018-03-30 01:59:59,5.905e-05,6.161e-05,5.904e-05,5.909e-05,5.909e-05,24922.0
2018-03-30 02:59:59,5.923e-05,6.024e-05,5.903e-05,6.024e-05,6.024e-05,29248.0
2018-03-30 03:59:59,6.029e-05,6.1e-05,5.931e-05,5.959e-05,5.959e-05,22632.0
2018-03-30 04:59:59,5.93e-05,6.024e-05,5.84e-05,5.967e-05,5.967e-05,58724.0
2018-03-30 05:59:59,5.973e-05,6.02e-05,5.95e-05,5.956e-05,5.956e-05,6439.0
2018-03-30 06:59:59,5.959e-05,5.985e-05,5.936e-05,5.983e-05,5.983e-05,997.0
2018-03-30 07:59:59,5.966e-05,5.993e-05,5.95e-05,5.95e-05,5.95e-05,7022.0
2018-03-30 08:59:59,5.95e-05,5.957e-05,5.95e-05,5.95e-05,5.95e-05,5242.0
2018-03-30 09:59:59,5.952e-05,5.957e-05,5.93e-05,5.957e-05,5.957e-05,9565.0
2018-03-30 10:59:59,5.956e-05,5.956e-05,5.921e-05,5.921e-05,5.921e-05,6190.0
2018-03-30 11:59:59,5.921e-05,5.921e-05,5.836e-05,5.896e-05,5.896e-05,6191.0
2018-03-30 12:59:59,5.864e-05,5.906e-05,5.767e-05,5.786e-05,5.786e-05,11168.0
2018-03-30 13:59:59,5.786e-05,5.833e-05,5.701e-05,5.72e-05,5.72e-05,23882.0
2018-03-30 14:59:59,5.722e-05,5.788e-05,5.679e-05,5.751e-05,5.751e-05,21531.0
2018-03-30 15:59:59,5.739e-05,5.745e-05,5.679e-05,5.745e-05,5.745e-05,11394.0
2018-03-30 16:59:59,5.737e-05,5.834e-05,5.682e-05,5.735e-05,5.735e-05,17138.0
2018-03-30 17:59:59,5.737e-05,5.784e-05,5.7e-05,5.735e-05,5.735e-05,8273.0
2018-03-30 18:59:59,5.729e-05,5.779e-05,5.715e-05,5.771e-05,5.771e-05,6693.0
2018-03-30 19:59:59,5.763e-05,5.778e-05,5.72e-05,5.75e-05,5.75e-05,11292.0
2018-03-30 20:59:59,5.751e-05,5.803e-05,5.723e-05,5.803e-05,5.803e-05,13873.0
2018-03-30 21:59:59,5.824e-05,5.842e-05,5.79e-05,5.842e-05,5.842e-05,9086.0
2018-03-30 22:59:59,5.841e-05,5.841e-05,5.701e-05,5.735e-05,5.735e-05,21868.0
2018-03-30 23:59:59,5.735e-05,5.866e-05,5.713e-05,5.849e-05,5.849e-05,20496.0
2018-03-31 00:59:59,5.849e-05,5.877e-05,5.79e-05,5.837e-05,5.837e-05,4167.0
2018-03-31 01:59:59,5.831e-05,5.877e-05,5.831e-05,5.866e-05,5.866e-05,2248.0
2018-03-31 02:59:59,5.866e-05,5.877e-05,5.795e-05,5.801e-05,5.801e-05,4764.0
2018-03-31 03:59:59,5.795e-05,5.859e-05,5.786e-05,5.85e-05,5.85e-05,24676.0
2018-03-31 04:59:59,5.85e-05,5.86e-05,5.85e-05,5.851e-05,5.851e-05,3334.0
2018-03-31 05:59:59,5.851e-05,5.853e-05,5.82e-05,5.844e-05,5.844e-05,7958.0
2018-03-31 06:59:59,5.851e-05,5.902e-05,5.812e-05,5.88e-05,5.88e-05,21891.0
2018-03-31 07:59:59,5.883e-05,5.886e-05,5.829e-05,5.875e-05,5.875e-05,4219.0
2018-03-31 08:59:59,5.874e-05,5.91e-05,5.838e-05,5.88e-05,5.88e-05,5568.0
2018-03-31 09:59:59,5.886e-05,5.917e-05,5.875e-05,5.899e-05,5.899e-05,5093.0
2018-03-31 10:59:59,5.899e-05,5.956e-05,5.875e-05,5.886e-05,5.886e-05,13151.0
2018-03-31 11:59:59,5.881e-05,5.957e-05,5.875e-05,5.957e-05,5.957e-05,22802.0
2018-03-31 12:59:59,5.95e-05,6.041e-05,5.922e-05,6.02e-05,6.02e-05,27279.0
2018-03-31 13:59:59,6.01e-05,6.034e-05,5.84e-05,5.92e-05,5.92e-05,25459.0
2018-03-31 14:59:59,5.923e-05,6.9e-05,5.818e-05,5.889e-05,5.889e-05,945248.0
2018-03-31 15:59:59,5.912e-05,6.1e-05,5.829e-05,6.027e-05,6.027e-05,67104.0
2018-03-31 16:59:59,6.027e-05,6.115e-05,5.891e-05,5.929e-05,5.929e-05,61251.0
2018-03-31 17:59:59,5.93e-05,5.937e-05,5.831e-05,5.871e-05,5.871e-05,30387.0
2018-03-31 18:59:59,5.87e-05,5.88e-05,5.833e-05,5.858e-05,5.858e-05,7178.0
2018-03-31 19:59:59,5.864e-05,5.88e-05,5.857e-05,5.857e-05,5.857e-05,7715.0
2018-03-31 20:59:59,5.857e-05,5.88e-05,5.569e-05,5.602e-05,5.602e-05,151048.0
2018-03-31 21:59:59,5.613e-05,5.614e-05,5.55e-05,5.598e-05,5.598e-05,58040.0
2018-03-31 22:59:59,5.61e-05,5.658e-05,5.587e-05,5.639e-05,5.639e-05,25918.0
2018-03-31 23:59:59,5.639e-05,5.663e-05,5.623e-05,5.663e-05,5.663e-05,13577.0
2018-04-01 00:59:59,5.659e-05,5.68e-05,5.601e-05,5.637e-05,5.637e-05,23086.0
2018-04-01 01:59:59,5.643e-05,5.681e-05,5.62e-05,5.673e-05,5.673e-05,16993.0
2018-04-01 02:59:59,5.65e-05,5.684e-05,5.635e-05,5.645e-05,5.645e-05,6106.0
2018-04-01 03:59:59,5.68e-05,5.682e-05,5.59e-05,5.619e-05,5.619e-05,19760.0
2018-04-01 04:59:59,5.608e-05,5.638e-05,5.587e-05,5.592e-05,5.592e-05,17961.0
2018-04-01 05:59:59,5.594e-05,5.837e-05,5.589e-05,5.837e-05,5.837e-05,95043.0
2018-04-01 06:59:59,5.837e-05,6.202e-05,5.836e-05,6.098e-05,6.098e-05,152427.0
2018-04-01 07:59:59,6.097e-05,6.448e-05,6.016e-05,6.094e-05,6.094e-05,285732.0
2018-04-01 08:59:59,6.062e-05,6.125e-05,5.841e-05,5.876e-05,5.876e-05,99432.0
2018-04-01 09:59:59,5.902e-05,5.92e-05,5.75e-05,5.825e-05,5.825e-05,33084.0
2018-04-01 10:59:59,5.825e-05,6.001e-05,5.807e-05,5.843e-05,5.843e-05,81227.0
2018-04-01 11:59:59,5.839e-05,5.846e-05,5.7e-05,5.724e-05,5.724e-05,44403.0
2018-04-01 12:59:59,5.73e-05,5.789e-05,5.724e-05,5.784e-05,5.784e-05,19327.0
2018-04-01 13:59:59,5.772e-05,5.79e-05,5.741e-05,5.763e-05,5.763e-05,26155.0
2018-04-01 14:59:59,5.775e-05,5.798e-05,5.742e-05,5.751e-05,5.751e-05,15049.0
2018-04-01 15:59:59,5.751e-05,5.79e-05,5.749e-05,5.75e-05,5.75e-05,6618.0
2018-04-01 16:59:59,5.754e-05,5.848e-05,5.741e-05,5.802e-05,5.802e-05,33638.0
2018-04-01 17:59:59,5.797e-05,5.863e-05,5.748e-05,5.801e-05,5.801e-05,6380.0
2018-04-01 18:59:59,5.822e-05,5.834e-05,5.797e-05,5.834e-05,5.834e-05,4234.0
2018-04-01 19:59:59,5.833e-05,5.856e-05,5.781e-05,5.791e-05,5.791e-05,6418.0
2018-04-01 20:59:59,5.825e-05,6.439e-05,5.824e-05,5.838e-05,5.838e-05,274309.0
2018-04-01 21:59:59,5.851e-05,6.286e-05,5.839e-05,6.141e-05,6.141e-05,161357.0
2018-04-01 22:59:59,6.141e-05,6.2e-05,5.969e-05,6.157e-05,6.157e-05,104727.0
2018-04-01 23:59:59,6.157e-05,6.596e-05,6.129e-05,6.382e-05,6.382e-05,423889.0
2018-04-02 00:59:59,6.386e-05,6.62e-05,6.265e-05,6.296e-05,6.296e-05,222940.0
2018-04-02 01:59:59,6.299e-05,6.54e-05,6.117e-05,6.342e-05,6.342e-05,162421.0
2018-04-02 02:59:59,6.358e-05,6.362e-05,6.189e-05,6.309e-05,6.309e-05,47646.0
2018-04-02 03:59:59,6.315e-05,6.315e-05,6.021e-05,6.086e-05,6.086e-05,57747.0
2018-04-02 04:59:59,6.09e-05,6.134e-05,6.016e-05,6.076e-05,6.076e-05,36178.0
2018-04-02 05:59:59,6.076e-05,6.313e-05,6.076e-05,6.101e-05,6.101e-05,64680.0
2018-04-02 06:59:59,6.12e-05,6.145e-05,6.101e-05,6.14e-05,6.14e-05,71232.0
2018-04-02 07:59:59,6.132e-05,6.134e-05,6.03e-05,6.099e-05,6.099e-05,26594.0
2018-04-02 08:59:59,6.099e-05,6.277e-05,6.04e-05,6.277e-05,6.277e-05,52519.0
2018-04-02 09:59:59,6.23e-05,6.322e-05,6.165e-05,6.28e-05,6.28e-05,48918.0
2018-04-02 10:59:59,6.28e-05,6.8e-05,6.229e-05,6.517e-05,6.517e-05,370827.0
2018-04-02 11:59:59,6.525e-05,7.064e-05,6.05e-05,6.462e-05,6.462e-05,1347258.0
2018-04-02 12:59:59,6.452e-05,6.479e-05,6.13e-05,6.223e-05,6.223e-05,149752.0
2018-04-02 13:59:59,6.218e-05,6.395e-05,6.136e-05,6.194e-05,6.194e-05,96446.0
2018-04-02 14:59:59,6.172e-05,6.192e-05,6.13e-05,6.13e-05,6.13e-05,37511.0
2018-04-02 15:59:59,6.146e-05,6.271e-05,6.133e-05,6.173e-05,6.173e-05,30207.0
2018-04-02 16:59:59,6.173e-05,6.303e-05,6.173e-05,6.233e-05,6.233e-05,72285.0
2018-04-02 17:59:59,6.233e-05,6.3e-05,6.15e-05,6.242e-05,6.242e-05,25122.0
2018-04-02 18:59:59,6.242e-05,6.264e-05,6.113e-05,6.194e-05,6.194e-05,15365.0
2018-04-02 19:59:59,6.194e-05,6.473e-05,6.172e-05,6.373e-05,6.373e-05,111992.0
2018-04-02 20:59:59,6.38e-05,6.51e-05,6.154e-05,6.189e-05,6.189e-05,109575.0
2018-04-02 21:59:59,6.156e-05,6.205e-05,6.002e-05,6.031e-05,6.031e-05,98903.0
2018-04-02 22:59:59,6.031e-05,6.05e-05,6.003e-05,6.012e-05,6.012e-05,23142.0
2018-04-02 23:59:59,6.015e-05,6.051e-05,6.015e-05,6.038e-05,6.038e-05,13592.0
2018-04-03 00:59:59,6.038e-05,6.161e-05,6.02e-05,6.117e-05,6.117e-05,56535.0
2018-04-03 01:59:59,6.117e-05,6.197e-05,6.012e-05,6.053e-05,6.053e-05,42798.0
2018-04-03 02:59:59,6.057e-05,6.158e-05,6.057e-05,6.113e-05,6.113e-05,25348.0
2018-04-03 03:59:59,6.093e-05,6.199e-05,6.078e-05,6.123e-05,6.123e-05,17653.0
2018-04-03 04:59:59,6.124e-05,6.199e-05,6.077e-05,6.104e-05,6.104e-05,24259.0
2018-04-03 05:59:59,6.1e-05,6.161e-05,6.074e-05,6.14e-05,6.14e-05,34916.0
2018-04-03 06:59:59,6.15e-05,6.155e-05,6.079e-05,6.154e-05,6.154e-05,16338.0
2018-04-03 07:59:59,6.139e-05,6.159e-05,6.12e-05,6.159e-05,6.159e-05,15827.0
2018-04-03 08:59:59,6.159e-05,6.172e-05,6.125e-05,6.139e-05,6.139e-05,10719.0
2018-04-03 09:59:59,6.146e-05,6.172e-05,6.108e-05,6.108e-05,6.108e-05,22083.0
2018-04-03 10:59:59,6.109e-05,6.109e-05,6.02e-05,6.08e-05,6.08e-05,28148.0
2018-04-03 11:59:59,6.073e-05,6.08e-05,6.005e-05,6.033e-05,6.033e-05,87325.0
2018-04-03 12:59:59,6.033e-05,6.112e-05,6.008e-05,6.054e-05,6.054e-05,25133.0
2018-04-03 13:59:59,6.054e-05,6.061e-05,5.99e-05,6.016e-05,6.016e-05,38790.0
2018-04-03 14:59:59,6.016e-05,6.088e-05,5.986e-05,5.997e-05,5.997e-05,18420.0
2018-04-03 15:59:59,5.996e-05,6.084e-05,5.954e-05,5.989e-05,5.989e-05,20642.0
2018-04-03 16:59:59,5.989e-05,6.05e-05,5.962e-05,6.043e-05,6.043e-05,28934.0
2018-04-03 17:59:59,6.042e-05,6.042e-05,5.962e-05,5.993e-05,5.993e-05,10923.0
2018-04-03 18:59:59,5.993e-05,6.039e-05,5.988e-05,6.014e-05,6.014e-05,9950.0
2018-04-03 19:59:59,6e-05,6.039e-05,6e-05,6.039e-05,6.039e-05,1896.0
2018-04-03 20:59:59,6.038e-05,6.038e-05,5.988e-05,6.033e-05,6.033e-05,7397.0
2018-04-03 21:59:59,6.033e-05,6.033e-05,5.954e-05,5.988e-05,5.988e-05,17321.0
2018-04-03 22:59:59,6.032e-05,6.039e-05,5.99e-05,6.01e-05,6.01e-05,6821.0
2018-04-03 23:59:59,6.01e-05,6.021e-05,5.95e-05,5.955e-05,5.955e-05,16682.0
2018-04-04 00:59:59,6.003e-05,6.023e-05,5.934e-05,5.938e-05,5.938e-05,14320.0
2018-04-04 01:59:59,5.934e-05,5.952e-05,5.919e-05,5.939e-05,5.939e-05,4755.0
2018-04-04 02:59:59,5.939e-05,5.969e-05,5.922e-05,5.969e-05,5.969e-05,2867.0
2018-04-04 03:59:59,5.969e-05,5.969e-05,5.903e-05,5.932e-05,5.932e-05,15977.0
2018-04-04 04:59:59,5.932e-05,6.699e-05,5.904e-05,6.088e-05,6.088e-05,284182.0
2018-04-04 05:59:59,6.088e-05,6.144e-05,6.068e-05,6.118e-05,6.118e-05,42324.0
2018-04-04 06:59:59,6.104e-05,6.128e-05,6.054e-05,6.11e-05,6.11e-05,18148.0
2018-04-04 07:59:59,6.114e-05,6.125e-05,6.04e-05,6.051e-05,6.051e-05,8063.0
2018-04-04 08:59:59,6.073e-05,6.098e-05,6.035e-05,6.085e-05,6.085e-05,16167.0
2018-04-04 09:59:59,6.077e-05,6.08e-05,5.975e-05,5.982e-05,5.982e-05,19497.0
2018-04-04 10:59:59,6e-05,6.001e-05,5.953e-05,5.962e-05,5.962e-05,9166.0
2018-04-04 11:59:59,5.962e-05,6.02e-05,5.962e-05,6.018e-05,6.018e-05,10748.0
2018-04-04 12:59:59,6.018e-05,6.029e-05,5.977e-05,6.013e-05,6.013e-05,12249.0
2018-04-04 13:59:59,6.013e-05,6.068e-05,5.99e-05,6.004e-05,6.004e-05,28788.0
2018-04-04 14:59:59,5.998e-05,6.077e-05,5.955e-05,5.989e-05,5.989e-05,21278.0
2018-04-04 15:59:59,5.993e-05,6.065e-05,5.888e-05,5.914e-05,5.914e-05,90928.0
2018-04-04 16:59:59,5.909e-05,5.96e-05,5.814e-05,5.894e-05,5.894e-05,69779.0
2018-04-04 17:59:59,5.894e-05,5.929e-05,5.872e-05,5.909e-05,5.909e-05,28210.0
2018-04-04 18:59:59,5.903e-05,5.95e-05,5.9e-05,5.925e-05,5.925e-05,14208.0
2018-04-04 19:59:59,5.93e-05,6.006e-05,5.924e-05,5.96e-05,5.96e-05,16585.0
2018-04-04 20:59:59,5.96e-05,6.006e-05,5.86e-05,5.865e-05,5.865e-05,13411.0
2018-04-04 21:59:59,5.865e-05,5.933e-05,5.865e-05,5.897e-05,5.897e-05,7656.0
2018-04-04 22:59:59,5.897e-05,5.914e-05,5.862e-05,5.891e-05,5.891e-05,3857.0
2018-04-04 23:59:59,5.891e-05,5.895e-05,5.87e-05,5.894e-05,5.894e-05,13577.0
2018-04-05 00:59:59,5.894e-05,5.895e-05,5.869e-05,5.869e-05,5.869e-05,6682.0
2018-04-05 01:59:59,5.856e-05,5.892e-05,5.821e-05,5.85e-05,5.85e-05,10078.0
2018-04-05 02:59:59,5.837e-05,5.895e-05,5.822e-05,5.858e-05,5.858e-05,18555.0
2018-04-05 03:59:59,5.858e-05,5.895e-05,5.822e-05,5.89e-05,5.89e-05,9466.0
2018-04-05 04:59:59,5.895e-05,5.895e-05,5.861e-05,5.879e-05,5.879e-05,7856.0
2018-04-05 05:59:59,5.88e-05,5.895e-05,5.861e-05,5.872e-05,5.872e-05,11472.0
2018-04-05 06:59:59,5.872e-05,5.895e-05,5.85e-05,5.875e-05,5.875e-05,9438.0
2018-04-05 07:59:59,5.856e-05,5.893e-05,5.809e-05,5.861e-05,5.861e-05,9173.0
2018-04-05 08:59:59,5.861e-05,5.895e-05,5.85e-05,5.873e-05,5.873e-05,13674.0
2018-04-05 09:59:59,5.879e-05,6.4e-05,5.852e-05,6.4e-05,6.4e-05,285068.0
2018-04-05 10:59:59,6.376e-05,6.74e-05,6.32e-05,6.64e-05,6.64e-05,626251.0
2018-04-05 11:59:59,6.646e-05,6.75e-05,5.855e-05,5.885e-05,5.885e-05,1476182.0
2018-04-05 12:59:59,5.888e-05,6.099e-05,5.885e-05,6.018e-05,6.018e-05,102409.0
2018-04-05 13:59:59,6.02e-05,6.099e-05,6e-05,6.015e-05,6.015e-05,44190.0
2018-04-05 14:59:59,6.02e-05,6.02e-05,5.9e-05,5.925e-05,5.925e-05,38843.0
2018-04-05 15:59:59,5.924e-05,6.064e-05,5.905e-05,6.025e-05,6.025e-05,22228.0
2018-04-05 16:59:59,6.025e-05,6.06e-05,5.995e-05,6.032e-05,6.032e-05,9282.0
2018-04-05 17:59:59,6.026e-05,6.026e-05,5.995e-05,5.996e-05,5.996e-05,10834.0
2018-04-05 18:59:59,5.996e-05,6.006e-05,5.401e-05,5.86e-05,5.86e-05,239963.0
2018-04-05 19:59:59,5.865e-05,5.941e-05,5.863e-05,5.906e-05,5.906e-05,21683.0
2018-04-05 20:59:59,5.912e-05,5.912e-05,5.803e-05,5.9e-05,5.9e-05,24501.0
2018-04-05 21:59:59,5.895e-05,5.906e-05,5.843e-05,5.897e-05,5.897e-05,10604.0
2018-04-05 22:59:59,5.897e-05,6.026e-05,5.89e-05,5.933e-05,5.933e-05,34658.0
2018-04-05 23:59:59,5.924e-05,5.924e-05,5.888e-05,5.92e-05,5.92e-05,8655.0
2018-04-06 00:59:59,5.915e-05,5.94e-05,5.87e-05,5.935e-05,5.935e-05,15574.0
2018-04-06 01:59:59,5.936e-05,5.979e-05,5.907e-05,5.942e-05,5.942e-05,20355.0
2018-04-06 02:59:59,5.931e-05,5.942e-05,5.9e-05,5.901e-05,5.901e-05,23678.0
2018-04-06 03:59:59,5.906e-05,5.991e-05,5.903e-05,5.929e-05,5.929e-05,12206.0
2018-04-06 04:59:59,5.928e-05,5.948e-05,5.9e-05,5.906e-05,5.906e-05,24501.0
2018-04-06 05:59:59,5.907e-05,5.974e-05,5.9e-05,5.963e-05,5.963e-05,15798.0
2018-04-06 06:59:59,5.96e-05,5.989e-05,5.867e-05,5.879e-05,5.879e-05,34224.0
2018-04-06 07:59:59,5.883e-05,5.895e-05,5.861e-05,5.875e-05,5.875e-05,22898.0
2018-04-06 08:59:59,5.876e-05,5.917e-05,5.85e-05,5.867e-05,5.867e-05,17668.0
2018-04-06 09:59:59,5.867e-05,5.904e-05,5.81e-05,5.821e-05,5.821e-05,27302.0
2018-04-06 10:59:59,5.827e-05,5.89e-05,5.81e-05,5.865e-05,5.865e-05,20133.0
2018-04-06 11:59:59,5.884e-05,5.917e-05,5.863e-05,5.863e-05,5.863e-05,10641.0
2018-04-06 12:59:59,5.863e-05,5.9e-05,5.854e-05,5.862e-05,5.862e-05,4256.0
2018-04-06 13:59:59,5.86e-05,5.888e-05,5.86e-05,5.876e-05,5.876e-05,7711.0
2018-04-06 14:59:59,5.867e-05,5.93e-05,5.867e-05,5.929e-05,5.929e-05,10381.0
2018-04-06 15:59:59,5.929e-05,5.957e-05,5.875e-05,5.919e-05,5.919e-05,15174.0
2018-04-06 16:59:59,5.923e-05,5.932e-05,5.894e-05,5.917e-05,5.917e-05,11052.0
2018-04-06 17:59:59,5.915e-05,6.124e-05,5.915e-05,6.111e-05,6.111e-05,108934.0
2018-04-06 18:59:59,6.112e-05,6.171e-05,6.103e-05,6.158e-05,6.158e-05,127501.0
2018-04-06 19:59:59,6.158e-05,6.158e-05,6.041e-05,6.057e-05,6.057e-05,35080.0
2018-04-06 20:59:59,6.057e-05,6.1e-05,6e-05,6.047e-05,6.047e-05,38828.0
2018-04-06 21:59:59,6.05e-05,6.337e-05,6.05e-05,6.333e-05,6.333e-05,147688.0
2018-04-06 22:59:59,6.337e-05,6.433e-05,6e-05,6.112e-05,6.112e-05,206334.0
2018-04-06 23:59:59,6.112e-05,6.122e-05,6.005e-05,6.079e-05,6.079e-05,46117.0
2018-04-07 00:59:59,6.078e-05,6.091e-05,6.042e-05,6.042e-05,6.042e-05,23189.0
2018-04-07 01:59:59,6.051e-05,6.104e-05,6.029e-05,6.066e-05,6.066e-05,14244.0
2018-04-07 02:59:59,6.066e-05,6.108e-05,6.012e-05,6.042e-05,6.042e-05,35854.0
2018-04-07 03:59:59,6.042e-05,6.057e-05,6.001e-05,6.003e-05,6.003e-05,23883.0
2018-04-07 04:59:59,6.003e-05,6.058e-05,5.859e-05,5.899e-05,5.899e-05,118717.0
2018-04-07 05:59:59,5.898e-05,5.94e-05,5.883e-05,5.918e-05,5.918e-05,46004.0
2018-04-07 06:59:59,5.918e-05,6.155e-05,5.918e-05,5.99e-05,5.99e-05,139434.0
2018-04-07 07:59:59,5.989e-05,6.143e-05,5.959e-05,6.121e-05,6.121e-05,43186.0
2018-04-07 08:59:59,6.121e-05,6.143e-05,6.056e-05,6.094e-05,6.094e-05,31883.0
2018-04-07 09:59:59,6.095e-05,6.105e-05,6.068e-05,6.095e-05,6.095e-05,13555.0
2018-04-07 10:59:59,6.095e-05,6.11e-05,6.03e-05,6.089e-05,6.089e-05,58604.0
2018-04-07 11:59:59,6.1e-05,6.11e-05,6.067e-05,6.076e-05,6.076e-05,18618.0
2018-04-07 12:59:59,6.076e-05,6.09e-05,6e-05,6.012e-05,6.012e-05,40195.0
2018-04-07 13:59:59,6.012e-05,6.034e-05,5.94e-05,6.025e-05,6.025e-05,35890.0
2018-04-07 14:59:59,6.025e-05,6.067e-05,6.023e-05,6.025e-05,6.025e-05,11824.0
2018-04-07 15:59:59,6.034e-05,6.034e-05,5.905e-05,5.966e-05,5.966e-05,18355.0
2018-04-07 16:59:59,5.966e-05,5.971e-05,5.943e-05,5.966e-05,5.966e-05,13022.0
2018-04-07 17:59:59,5.957e-05,6.06e-05,5.957e-05,6.001e-05,6.001e-05,11950.0
2018-04-07 18:59:59,6.005e-05,6.015e-05,5.9e-05,5.955e-05,5.955e-05,26466.0
2018-04-07 19:59:59,5.964e-05,6.02e-05,5.964e-05,5.996e-05,5.996e-05,7924.0
2018-04-07 20:59:59,5.987e-05,5.991e-05,5.97e-05,5.985e-05,5.985e-05,4459.0
2018-04-07 21:59:59,5.978e-05,5.986e-05,5.927e-05,5.98e-05,5.98e-05,10430.0
2018-04-07 22:59:59,5.98e-05,5.99e-05,5.972e-05,5.972e-05,5.972e-05,4937.0
2018-04-07 23:59:59,5.981e-05,5.991e-05,5.972e-05,5.977e-05,5.977e-05,6468.0
2018-04-08 00:59:59,5.975e-05,5.991e-05,5.919e-05,5.946e-05,5.946e-05,11530.0
2018-04-08 01:59:59,5.942e-05,5.968e-05,5.92e-05,5.967e-05,5.967e-05,8397.0
2018-04-08 02:59:59,5.967e-05,5.98e-05,5.961e-05,5.98e-05,5.98e-05,2566.0
2018-04-08 03:59:59,5.98e-05,5.98e-05,5.951e-05,5.951e-05,5.951e-05,11479.0
2018-04-08 04:59:59,5.972e-05,5.973e-05,5.951e-05,5.973e-05,5.973e-05,9713.0
2018-04-08 05:59:59,5.973e-05,5.973e-05,5.93e-05,5.932e-05,5.932e-05,16540.0
2018-04-08 06:59:59,5.932e-05,6.035e-05,5.931e-05,5.971e-05,5.971e-05,18203.0
2018-04-08 07:59:59,5.96e-05,6.171e-05,5.96e-05,6.123e-05,6.123e-05,99195.0
2018-04-08 08:59:59,6.109e-05,6.19e-05,6.022e-05,6.064e-05,6.064e-05,40939.0
2018-04-08 09:59:59,6.064e-05,6.099e-05,5.959e-05,6.029e-05,6.029e-05,21595.0
2018-04-08 10:59:59,6.025e-05,6.04e-05,5.959e-05,6e-05,6e-05,17407.0
2018-04-08 11:59:59,5.992e-05,6.089e-05,5.898e-05,5.936e-05,5.936e-05,78919.0
2018-04-08 12:59:59,5.944e-05,6.102e-05,5.91e-05,6.065e-05,6.065e-05,50395.0
2018-04-08 13:59:59,6.043e-05,6.059e-05,6.02e-05,6.043e-05,6.043e-05,7591.0
2018-04-08 14:59:59,6.043e-05,6.088e-05,5.972e-05,6.06e-05,6.06e-05,41791.0
2018-04-08 15:59:59,6.062e-05,6.199e-05,6.062e-05,6.147e-05,6.147e-05,60939.0
2018-04-08 16:59:59,6.15e-05,6.189e-05,6.074e-05,6.1e-05,6.1e-05,30071.0
2018-04-08 17:59:59,6.086e-05,6.1e-05,6.002e-05,6.045e-05,6.045e-05,38355.0
2018-04-08 18:59:59,6.04e-05,6.081e-05,5.99e-05,6.036e-05,6.036e-05,16453.0
2018-04-08 19:59:59,6.026e-05,6.049e-05,5.983e-05,6.024e-05,6.024e-05,17967.0
2018-04-08 20:59:59,6.023e-05,6.074e-05,5.989e-05,6.031e-05,6.031e-05,3640.0
2018-04-08 21:59:59,6.021e-05,6.098e-05,5.992e-05,6.098e-05,6.098e-05,25157.0
2018-04-08 22:59:59,6.085e-05,6.096e-05,6.013e-05,6.024e-05,6.024e-05,49699.0
2018-04-08 23:59:59,6.031e-05,6.099e-05,6.001e-05,6.071e-05,6.071e-05,13482.0
2018-04-09 00:59:59,6.075e-05,6.15e-05,6.061e-05,6.124e-05,6.124e-05,15987.0
2018-04-09 01:59:59,6.124e-05,6.137e-05,6.088e-05,6.106e-05,6.106e-05,21213.0
2018-04-09 02:59:59,6.101e-05,6.15e-05,6.101e-05,6.134e-05,6.134e-05,22180.0
2018-04-09 03:59:59,6.134e-05,6.246e-05,6.101e-05,6.133e-05,6.133e-05,79412.0
2018-04-09 04:59:59,6.121e-05,6.169e-05,6.104e-05,6.142e-05,6.142e-05,7915.0
2018-04-09 05:59:59,6.142e-05,6.191e-05,6.12e-05,6.145e-05,6.145e-05,30762.0
2018-04-09 06:59:59,6.145e-05,6.16e-05,6.095e-05,6.13e-05,6.13e-05,20064.0
2018-04-09 07:59:59,6.13e-05,6.15e-05,6.042e-05,6.054e-05,6.054e-05,47299.0
2018-04-09 08:59:59,6.054e-05,6.058e-05,5.924e-05,5.975e-05,5.975e-05,36266.0
2018-04-09 09:59:59,5.979e-05,6.014e-05,5.95e-05,5.986e-05,5.986e-05,4654.0
2018-04-09 10:59:59,5.991e-05,6.019e-05,5.98e-05,6.009e-05,6.009e-05,7017.0
2018-04-09 11:59:59,6.004e-05,6.046e-05,5.99e-05,6.01e-05,6.01e-05,12127.0
2018-04-09 12:59:59,6.017e-05,6.049e-05,6.001e-05,6.021e-05,6.021e-05,14371.0
2018-04-09 13:59:59,6.017e-05,6.055e-05,5.999e-05,6.018e-05,6.018e-05,8177.0
2018-04-09 14:59:59,6.031e-05,6.059e-05,6.029e-05,6.041e-05,6.041e-05,11306.0
2018-04-09 15:59:59,6.05e-05,6.074e-05,6.029e-05,6.051e-05,6.051e-05,3564.0
2018-04-09 16:59:59,6.05e-05,6.075e-05,5.999e-05,6.012e-05,6.012e-05,14969.0
2018-04-09 17:59:59,6.007e-05,6.015e-05,5.986e-05,6.015e-05,6.015e-05,9254.0
2018-04-09 18:59:59,6.015e-05,6.048e-05,6.007e-05,6.047e-05,6.047e-05,5275.0
2018-04-09 19:59:59,6.047e-05,6.069e-05,6.008e-05,6.048e-05,6.048e-05,11320.0
2018-04-09 20:59:59,6.046e-05,6.046e-05,6.008e-05,6.035e-05,6.035e-05,2563.0
2018-04-09 21:59:59,6.039e-05,6.039e-05,5.963e-05,6.029e-05,6.029e-05,6436.0
2018-04-09 22:59:59,5.997e-05,6.034e-05,5.963e-05,6.015e-05,6.015e-05,3822.0
2018-04-09 23:59:59,6.031e-05,6.035e-05,5.954e-05,5.982e-05,5.982e-05,8421.0
2018-04-10 00:59:59,5.982e-05,6.039e-05,5.955e-05,6.018e-05,6.018e-05,5816.0
2018-04-10 01:59:59,6.025e-05,6.039e-05,5.97e-05,5.99e-05,5.99e-05,5967.0
2018-04-10 02:59:59,6.02e-05,6.05e-05,5.984e-05,6.026e-05,6.026e-05,15345.0
2018-04-10 03:59:59,6.053e-05,6.054e-05,5.942e-05,5.944e-05,5.944e-05,95749.0
2018-04-10 04:59:59,5.955e-05,6.002e-05,5.93e-05,5.994e-05,5.994e-05,20039.0
2018-04-10 05:59:59,6e-05,6.04e-05,5.946e-05,6.034e-05,6.034e-05,20739.0
2018-04-10 06:59:59,6.034e-05,6.071e-05,5.969e-05,6.055e-05,6.055e-05,12448.0
2018-04-10 07:59:59,6.055e-05,6.066e-05,5.987e-05,6.006e-05,6.006e-05,35514.0
2018-04-10 08:59:59,6.006e-05,6.019e-05,5.962e-05,6.012e-05,6.012e-05,13336.0
2018-04-10 09:59:59,6.012e-05,6.078e-05,5.993e-05,6.027e-05,6.027e-05,19845.0
2018-04-10 10:59:59,6.027e-05,6.054e-05,6.012e-05,6.054e-05,6.054e-05,12768.0
2018-04-10 11:59:59,6.048e-05,6.096e-05,6e-05,6.032e-05,6.032e-05,68450.0
2018-04-10 12:59:59,6.032e-05,6.056e-05,6.009e-05,6.056e-05,6.056e-05,18960.0
2018-04-10 13:59:59,6.058e-05,6.094e-05,6.036e-05,6.057e-05,6.057e-05,27301.0
2018-04-10 14:59:59,6.057e-05,6.1e-05,6.042e-05,6.1e-05,6.1e-05,15535.0
2018-04-10 15:59:59,6.1e-05,6.142e-05,6.035e-05,6.107e-05,6.107e-05,55566.0
2018-04-10 16:59:59,6.107e-05,6.121e-05,6.006e-05,6.061e-05,6.061e-05,42104.0
2018-04-10 17:59:59,6.072e-05,6.17e-05,6.062e-05,6.17e-05,6.17e-05,38088.0
2018-04-10 18:59:59,6.174e-05,6.245e-05,6.15e-05,6.221e-05,6.221e-05,89481.0
2018-04-10 19:59:59,6.221e-05,6.222e-05,6.141e-05,6.214e-05,6.214e-05,32869.0
2018-04-10 20:59:59,6.208e-05,6.22e-05,6.181e-05,6.22e-05,6.22e-05,13899.0
2018-04-10 21:59:59,6.22e-05,6.355e-05,6.205e-05,6.309e-05,6.309e-05,125533.0
2018-04-10 22:59:59,6.347e-05,6.38e-05,6.268e-05,6.379e-05,6.379e-05,56227.0
2018-04-10 23:59:59,6.33e-05,6.381e-05,6.25e-05,6.299e-05,6.299e-05,34260.0
2018-04-11 00:59:59,6.299e-05,6.385e-05,6.299e-05,6.315e-05,6.315e-05,45641.0
2018-04-11 01:59:59,6.312e-05,6.379e-05,6.311e-05,6.361e-05,6.361e-05,32073.0
2018-04-11 02:59:59,6.36e-05,6.36e-05,6.33e-05,6.348e-05,6.348e-05,13277.0
2018-04-11 03:59:59,6.341e-05,6.341e-05,6.299e-05,6.337e-05,6.337e-05,23441.0
2018-04-11 04:59:59,6.323e-05,6.337e-05,6.251e-05,6.273e-05,6.273e-05,24832.0
2018-04-11 05:59:59,6.273e-05,6.342e-05,6.273e-05,6.335e-05,6.335e-05,26806.0
2018-04-11 06:59:59,6.335e-05,6.36e-05,6.322e-05,6.322e-05,6.322e-05,9513.0
2018-04-11 07:59:59,6.325e-05,6.335e-05,6.3e-05,6.335e-05,6.335e-05,9316.0
2018-04-11 08:59:59,6.335e-05,6.338e-05,6.302e-05,6.323e-05,6.323e-05,11734.0
2018-04-11 09:59:59,6.316e-05,6.35e-05,6.297e-05,6.339e-05,6.339e-05,19012.0
2018-04-11 10:59:59,6.323e-05,6.396e-05,6.298e-05,6.374e-05,6.374e-05,32788.0
2018-04-11 11:59:59,6.374e-05,6.387e-05,6.363e-05,6.37e-05,6.37e-05,16467.0
2018-04-11 12:59:59,6.374e-05,6.399e-05,6.323e-05,6.336e-05,6.336e-05,37776.0
2018-04-11 13:59:59,6.336e-05,6.361e-05,6.309e-05,6.323e-05,6.323e-05,17285.0
2018-04-11 14:59:59,6.324e-05,6.392e-05,6.296e-05,6.329e-05,6.329e-05,24610.0
2018-04-11 15:59:59,6.329e-05,6.353e-05,6.297e-05,6.324e-05,6.324e-05,12362.0
2018-04-11 16:59:59,6.334e-05,6.376e-05,6.295e-05,6.347e-05,6.347e-05,11234.0
2018-04-11 17:59:59,6.34e-05,6.354e-05,6.3e-05,6.331e-05,6.331e-05,17898.0
2018-04-11 18:59:59,6.331e-05,6.365e-05,6.296e-05,6.296e-05,6.296e-05,12067.0
2018-04-11 19:59:59,6.298e-05,6.298e-05,6.206e-05,6.246e-05,6.246e-05,38636.0
2018-04-11 20:59:59,6.256e-05,6.283e-05,6.205e-05,6.283e-05,6.283e-05,27072.0
2018-04-11 21:59:59,6.273e-05,6.286e-05,6.227e-05,6.286e-05,6.286e-05,16332.0
2018-04-11 22:59:59,6.286e-05,6.35e-05,6.193e-05,6.314e-05,6.314e-05,53562.0
2018-04-11 23:59:59,6.283e-05,6.346e-05,6.27e-05,6.331e-05,6.331e-05,11399.0
2018-04-12 00:59:59,6.319e-05,6.346e-05,6.251e-05,6.33e-05,6.33e-05,22934.0
2018-04-12 01:59:59,6.319e-05,6.346e-05,6.287e-05,6.333e-05,6.333e-05,32989.0
2018-04-12 02:59:59,6.343e-05,6.346e-05,6.25e-05,6.283e-05,6.283e-05,51152.0
2018-04-12 03:59:59,6.283e-05,6.3e-05,6.225e-05,6.24e-05,6.24e-05,33822.0
2018-04-12 04:59:59,6.24e-05,6.24e-05,6.142e-05,6.204e-05,6.204e-05,49869.0
2018-04-12 05:59:59,6.204e-05,6.256e-05,6.178e-05,6.233e-05,6.233e-05,30827.0
2018-04-12 06:59:59,6.234e-05,6.28e-05,6.202e-05,6.258e-05,6.258e-05,22648.0
2018-04-12 07:59:59,6.271e-05,6.343e-05,6.258e-05,6.329e-05,6.329e-05,20173.0
2018-04-12 08:59:59,6.308e-05,6.34e-05,5.586e-05,5.746e-05,5.746e-05,154439.0
2018-04-12 09:59:59,5.798e-05,6.042e-05,5.776e-05,5.997e-05,5.997e-05,65913.0
2018-04-12 10:59:59,6.008e-05,6.012e-05,5.91e-05,5.932e-05,5.932e-05,33417.0
2018-04-12 11:59:59,5.932e-05,6.11e-05,5.932e-05,5.989e-05,5.989e-05,34229.0
2018-04-12 12:59:59,5.977e-05,6.047e-05,5.936e-05,5.966e-05,5.966e-05,29675.0
2018-04-12 13:59:59,5.966e-05,5.99e-05,5.931e-05,5.931e-05,5.931e-05,19546.0
2018-04-12 14:59:59,5.932e-05,5.932e-05,5.845e-05,5.888e-05,5.888e-05,45527.0
2018-04-12 15:59:59,5.9e-05,5.998e-05,5.88e-05,5.897e-05,5.897e-05,29558.0
2018-04-12 16:59:59,5.895e-05,6.079e-05,5.895e-05,6.007e-05,6.007e-05,24505.0
2018-04-12 17:59:59,6.005e-05,6.085e-05,6.005e-05,6.028e-05,6.028e-05,16226.0
2018-04-12 18:59:59,6.027e-05,6.1e-05,5.998e-05,6.064e-05,6.064e-05,23102.0
2018-04-12 19:59:59,6.065e-05,6.117e-05,6.007e-05,6.117e-05,6.117e-05,22094.0
2018-04-12 20:59:59,6.098e-05,6.13e-05,6.059e-05,6.089e-05,6.089e-05,10945.0
2018-04-12 21:59:59,6.089e-05,6.199e-05,6.081e-05,6.101e-05,6.101e-05,43472.0
2018-04-12 22:59:59,6.101e-05,6.101e-05,6.003e-05,6.038e-05,6.038e-05,32099.0
2018-04-12 23:59:59,6.025e-05,6.22e-05,6.006e-05,6.141e-05,6.141e-05,50185.0
2018-04-13 00:59:59,6.113e-05,6.231e-05,6.003e-05,6.071e-05,6.071e-05,55546.0
2018-04-13 01:59:59,6.05e-05,6.417e-05,6.032e-05,6.415e-05,6.415e-05,221414.0
2018-04-13 02:59:59,6.415e-05,6.429e-05,6.3e-05,6.323e-05,6.323e-05,68019.0
2018-04-13 03:59:59,6.331e-05,6.399e-05,6.3e-05,6.316e-05,6.316e-05,25535.0
2018-04-13 04:59:59,6.328e-05,6.34e-05,6.182e-05,6.245e-05,6.245e-05,78547.0
2018-04-13 05:59:59,6.203e-05,6.32e-05,6.182e-05,6.32e-05,6.32e-05,23270.0
2018-04-13 06:59:59,6.32e-05,6.332e-05,6.082e-05,6.236e-05,6.236e-05,67485.0
2018-04-13 07:59:59,6.236e-05,6.247e-05,6.08e-05,6.165e-05,6.165e-05,47767.0
2018-04-13 08:59:59,6.18e-05,6.323e-05,6.168e-05,6.278e-05,6.278e-05,82119.0
2018-04-13 09:59:59,6.27e-05,6.33e-05,6.121e-05,6.142e-05,6.142e-05,160919.0
2018-04-13 10:59:59,6.168e-05,6.385e-05,6.154e-05,6.297e-05,6.297e-05,157948.0
2018-04-13 11:59:59,6.297e-05,6.522e-05,6.297e-05,6.427e-05,6.427e-05,282174.0
2018-04-13 12:59:59,6.426e-05,6.469e-05,6.374e-05,6.44e-05,6.44e-05,69130.0
2018-04-13 13:59:59,6.44e-05,6.449e-05,6.403e-05,6.444e-05,6.444e-05,31049.0
2018-04-13 14:59:59,6.449e-05,6.449e-05,6.408e-05,6.415e-05,6.415e-05,25236.0
2018-04-13 15:59:59,6.415e-05,6.449e-05,6.4e-05,6.449e-05,6.449e-05,37794.0
2018-04-13 16:59:59,6.449e-05,6.575e-05,6.4e-05,6.468e-05,6.468e-05,59886.0
2018-04-13 17:59:59,6.465e-05,6.465e-05,6.323e-05,6.342e-05,6.342e-05,38229.0
2018-04-13 18:59:59,6.34e-05,6.415e-05,6.175e-05,6.192e-05,6.192e-05,93756.0
2018-04-13 19:59:59,6.222e-05,6.253e-05,6.185e-05,6.206e-05,6.206e-05,17521.0
2018-04-13 20:59:59,6.202e-05,6.213e-05,6.119e-05,6.146e-05,6.146e-05,41721.0
2018-04-13 21:59:59,6.146e-05,6.322e-05,6.145e-05,6.27e-05,6.27e-05,48109.0
2018-04-13 22:59:59,6.27e-05,6.27e-05,6.199e-05,6.233e-05,6.233e-05,12731.0
2018-04-13 23:59:59,6.24e-05,6.358e-05,6.222e-05,6.341e-05,6.341e-05,25740.0
2018-04-14 00:59:59,6.341e-05,6.45e-05,6.341e-05,6.432e-05,6.432e-05,43035.0
2018-04-14 01:59:59,6.432e-05,6.599e-05,6.432e-05,6.501e-05,6.501e-05,179625.0
2018-04-14 02:59:59,6.501e-05,6.591e-05,6.466e-05,6.489e-05,6.489e-05,31046.0
2018-04-14 03:59:59,6.468e-05,6.53e-05,6.454e-05,6.499e-05,6.499e-05,9221.0
2018-04-14 04:59:59,6.499e-05,6.509e-05,6.455e-05,6.503e-05,6.503e-05,13455.0
2018-04-14 05:59:59,6.495e-05,6.583e-05,6.495e-05,6.54e-05,6.54e-05,27629.0
2018-04-14 06:59:59,6.526e-05,6.526e-05,6.505e-05,6.515e-05,6.515e-05,10783.0
2018-04-14 07:59:59,6.515e-05,6.515e-05,6.414e-05,6.416e-05,6.416e-05,45366.0
2018-04-14 08:59:59,6.416e-05,6.463e-05,6.393e-05,6.398e-05,6.398e-05,53653.0
2018-04-14 09:59:59,6.396e-05,6.441e-05,6.368e-05,6.412e-05,6.412e-05,42766.0
2018-04-14 10:59:59,6.402e-05,6.415e-05,6.25e-05,6.374e-05,6.374e-05,53286.0
2018-04-14 11:59:59,6.374e-05,6.4e-05,6.316e-05,6.325e-05,6.325e-05,7011.0
2018-04-14 12:59:59,6.32e-05,6.399e-05,6.32e-05,6.397e-05,6.397e-05,21848.0
2018-04-14 13:59:59,6.381e-05,6.52e-05,6.363e-05,6.431e-05,6.431e-05,99474.0
2018-04-14 14:59:59,6.465e-05,6.54e-05,6.398e-05,6.512e-05,6.512e-05,72565.0
2018-04-14 15:59:59,6.538e-05,6.54e-05,6.485e-05,6.49e-05,6.49e-05,27784.0
2018-04-14 16:59:59,6.485e-05,6.55e-05,6.475e-05,6.514e-05,6.514e-05,29948.0
2018-04-14 17:59:59,6.514e-05,6.514e-05,6.442e-05,6.47e-05,6.47e-05,10692.0
2018-04-14 18:59:59,6.478e-05,6.506e-05,6.453e-05,6.474e-05,6.474e-05,6966.0
2018-04-14 19:59:59,6.478e-05,6.5e-05,6.456e-05,6.469e-05,6.469e-05,9296.0
2018-04-14 20:59:59,6.469e-05,6.498e-05,6.435e-05,6.495e-05,6.495e-05,8930.0
2018-04-14 21:59:59,6.47e-05,6.485e-05,6.448e-05,6.469e-05,6.469e-05,7223.0
2018-04-14 22:59:59,6.469e-05,6.469e-05,6.41e-05,6.461e-05,6.461e-05,7733.0
2018-04-14 23:59:59,6.461e-05,6.49e-05,6.397e-05,6.406e-05,6.406e-05,150903.0
2018-04-15 00:59:59,6.407e-05,6.456e-05,6.344e-05,6.408e-05,6.408e-05,13994.0
2018-04-15 01:59:59,6.407e-05,6.421e-05,6.336e-05,6.361e-05,6.361e-05,15496.0
2018-04-15 02:59:59,6.361e-05,6.418e-05,6.336e-05,6.349e-05,6.349e-05,25165.0
2018-04-15 03:59:59,6.353e-05,6.435e-05,6.331e-05,6.434e-05,6.434e-05,21378.0
2018-04-15 04:59:59,6.433e-05,6.435e-05,6.378e-05,6.418e-05,6.418e-05,9554.0
2018-04-15 05:59:59,6.418e-05,6.441e-05,6.385e-05,6.396e-05,6.396e-05,14909.0
2018-04-15 06:59:59,6.402e-05,6.431e-05,6.4e-05,6.419e-05,6.419e-05,3757.0
2018-04-15 07:59:59,6.412e-05,6.453e-05,6.4e-05,6.446e-05,6.446e-05,21082.0
2018-04-15 08:59:59,6.446e-05,6.446e-05,6.345e-05,6.345e-05,6.345e-05,38070.0
2018-04-15 09:59:59,6.358e-05,6.509e-05,6.358e-05,6.477e-05,6.477e-05,57223.0
2018-04-15 10:59:59,6.475e-05,6.56e-05,6.463e-05,6.508e-05,6.508e-05,42148.0
2018-04-15 11:59:59,6.503e-05,6.58e-05,6.492e-05,6.57e-05,6.57e-05,49831.0
2018-04-15 12:59:59,6.58e-05,6.586e-05,6.496e-05,6.53e-05,6.53e-05,35513.0
2018-04-15 13:59:59,6.54e-05,6.61e-05,6.516e-05,6.53e-05,6.53e-05,71403.0
2018-04-15 14:59:59,6.532e-05,6.565e-05,6.512e-05,6.56e-05,6.56e-05,12576.0
2018-04-15 15:59:59,6.565e-05,6.605e-05,6.555e-05,6.582e-05,6.582e-05,19365.0
2018-04-15 16:59:59,6.582e-05,6.605e-05,6.547e-05,6.557e-05,6.557e-05,18229.0
2018-04-15 17:59:59,6.562e-05,6.61e-05,6.552e-05,6.583e-05,6.583e-05,12940.0
2018-04-15 18:59:59,6.591e-05,6.607e-05,6.567e-05,6.581e-05,6.581e-05,5719.0
2018-04-15 19:59:59,6.578e-05,6.578e-05,6.556e-05,6.563e-05,6.563e-05,5028.0
2018-04-15 20:59:59,6.562e-05,6.596e-05,6.562e-05,6.596e-05,6.596e-05,6103.0
2018-04-15 21:59:59,6.591e-05,6.599e-05,6.564e-05,6.593e-05,6.593e-05,5417.0
2018-04-15 22:59:59,6.593e-05,6.62e-05,6.575e-05,6.578e-05,6.578e-05,135992.0
2018-04-15 23:59:59,6.582e-05,6.591e-05,6.561e-05,6.561e-05,6.561e-05,26498.0
2018-04-16 00:59:59,6.561e-05,6.561e-05,6.506e-05,6.522e-05,6.522e-05,19705.0
2018-04-16 01:59:59,6.502e-05,6.532e-05,6.476e-05,6.503e-05,6.503e-05,25497.0
2018-04-16 02:59:59,6.497e-05,6.501e-05,6.435e-05,6.463e-05,6.463e-05,29675.0
2018-04-16 03:59:59,6.463e-05,6.476e-05,6.427e-05,6.476e-05,6.476e-05,14012.0
2018-04-16 04:59:59,6.47e-05,6.51e-05,6.4e-05,6.483e-05,6.483e-05,13066.0
2018-04-16 05:59:59,6.473e-05,6.495e-05,6.4e-05,6.458e-05,6.458e-05,12780.0
2018-04-16 06:59:59,6.448e-05,6.49e-05,6.447e-05,6.474e-05,6.474e-05,4965.0
2018-04-16 07:59:59,6.471e-05,6.519e-05,6.454e-05,6.468e-05,6.468e-05,42558.0
2018-04-16 08:59:59,6.467e-05,6.47e-05,6.4e-05,6.429e-05,6.429e-05,18142.0
2018-04-16 09:59:59,6.43e-05,6.499e-05,6.426e-05,6.438e-05,6.438e-05,18621.0
2018-04-16 10:59:59,6.438e-05,6.488e-05,6.437e-05,6.476e-05,6.476e-05,16374.0
2018-04-16 11:59:59,6.472e-05,6.49e-05,6.45e-05,6.484e-05,6.484e-05,11830.0
2018-04-16 12:59:59,6.484e-05,6.508e-05,6.455e-05,6.488e-05,6.488e-05,12726.0
2018-04-16 13:59:59,6.488e-05,6.494e-05,6.45e-05,6.474e-05,6.474e-05,18093.0
2018-04-16 14:59:59,6.488e-05,6.53e-05,6.45e-05,6.487e-05,6.487e-05,34261.0
2018-04-16 15:59:59,6.487e-05,6.546e-05,6.469e-05,6.527e-05,6.527e-05,18487.0
2018-04-16 16:59:59,6.527e-05,6.594e-05,6.499e-05,6.524e-05,6.524e-05,25769.0
2018-04-16 17:59:59,6.521e-05,6.521e-05,6.484e-05,6.492e-05,6.492e-05,4657.0
2018-04-16 18:59:59,6.484e-05,6.558e-05,6.481e-05,6.52e-05,6.52e-05,9751.0
2018-04-16 19:59:59,6.538e-05,6.575e-05,6.493e-05,6.498e-05,6.498e-05,28776.0
2018-04-16 20:59:59,6.508e-05,6.541e-05,6.504e-05,6.541e-05,6.541e-05,5430.0
2018-04-16 21:59:59,6.541e-05,6.584e-05,6.518e-05,6.518e-05,6.518e-05,11428.0
2018-04-16 22:59:59,6.518e-05,6.6e-05,6.518e-05,6.59e-05,6.59e-05,43619.0
2018-04-16 23:59:59,6.601e-05,6.606e-05,6.575e-05,6.579e-05,6.579e-05,40534.0
2018-04-17 00:59:59,6.575e-05,6.625e-05,6.551e-05,6.6e-05,6.6e-05,25188.0
2018-04-17 01:59:59,6.608e-05,6.678e-05,6.569e-05,6.668e-05,6.668e-05,38430.0
2018-04-17 02:59:59,6.672e-05,6.79e-05,6.582e-05,6.66e-05,6.66e-05,196018.0
2018-04-17 03:59:59,6.685e-05,6.745e-05,6.668e-05,6.686e-05,6.686e-05,41857.0
2018-04-17 04:59:59,6.689e-05,6.789e-05,6.687e-05,6.76e-05,6.76e-05,34674.0
2018-04-17 05:59:59,6.76e-05,6.785e-05,6.76e-05,6.784e-05,6.784e-05,15911.0
2018-04-17 06:59:59,6.784e-05,6.896e-05,6.763e-05,6.884e-05,6.884e-05,226021.0
2018-04-17 07:59:59,6.884e-05,6.898e-05,6.78e-05,6.898e-05,6.898e-05,68671.0
2018-04-17 08:59:59,6.897e-05,6.899e-05,6.851e-05,6.889e-05,6.889e-05,26496.0
2018-04-17 09:59:59,6.878e-05,6.899e-05,6.802e-05,6.806e-05,6.806e-05,49529.0
2018-04-17 10:59:59,6.819e-05,6.885e-05,6.741e-05,6.789e-05,6.789e-05,64489.0
2018-04-17 11:59:59,6.789e-05,6.868e-05,6.7e-05,6.775e-05,6.775e-05,65961.0
2018-04-17 12:59:59,6.764e-05,6.877e-05,6.712e-05,6.791e-05,6.791e-05,70598.0
2018-04-17 13:59:59,6.791e-05,6.822e-05,6.688e-05,6.818e-05,6.818e-05,85674.0
2018-04-17 14:59:59,6.821e-05,6.901e-05,6.731e-05,6.893e-05,6.893e-05,162578.0
2018-04-17 15:59:59,6.892e-05,6.94e-05,6.835e-05,6.872e-05,6.872e-05,78619.0
2018-04-17 16:59:59,6.877e-05,6.929e-05,6.712e-05,6.77e-05,6.77e-05,58039.0
2018-04-17 17:59:59,6.761e-05,6.835e-05,6.701e-05,6.816e-05,6.816e-05,19204.0
2018-04-17 18:59:59,6.82e-05,6.895e-05,6.751e-05,6.77e-05,6.77e-05,20672.0
2018-04-17 19:59:59,6.78e-05,6.851e-05,6.761e-05,6.813e-05,6.813e-05,12561.0
2018-04-17 20:59:59,6.824e-05,8.6e-05,6.791e-05,6.881e-05,6.881e-05,3975498.0
2018-04-17 21:59:59,6.886e-05,7.651e-05,6.85e-05,7.17e-05,7.17e-05,813769.0
2018-04-17 22:59:59,7.195e-05,7.696e-05,6.921e-05,7.469e-05,7.469e-05,599153.0
2018-04-17 23:59:59,7.457e-05,7.64e-05,7.253e-05,7.509e-05,7.509e-05,264588.0
2018-04-18 00:59:59,7.509e-05,7.888e-05,7.468e-05,7.533e-05,7.533e-05,377131.0
2018-04-18 01:59:59,7.524e-05,7.591e-05,7.332e-05,7.375e-05,7.375e-05,188306.0
2018-04-18 02:59:59,7.376e-05,7.447e-05,7.277e-05,7.434e-05,7.434e-05,114207.0
2018-04-18 03:59:59,7.435e-05,7.48e-05,7.365e-05,7.408e-05,7.408e-05,55751.0
2018-04-18 04:59:59,7.412e-05,7.412e-05,7.3e-05,7.379e-05,7.379e-05,93055.0
2018-04-18 05:59:59,7.379e-05,7.494e-05,7.319e-05,7.4e-05,7.4e-05,127016.0
2018-04-18 06:59:59,7.4e-05,7.551e-05,7.39e-05,7.494e-05,7.494e-05,101648.0
2018-04-18 07:59:59,7.49e-05,7.502e-05,7.4e-05,7.451e-05,7.451e-05,59731.0
2018-04-18 08:59:59,7.451e-05,7.49e-05,7.319e-05,7.408e-05,7.408e-05,56186.0
2018-04-18 09:59:59,7.409e-05,7.487e-05,7.334e-05,7.402e-05,7.402e-05,50560.0
2018-04-18 10:59:59,7.409e-05,7.446e-05,7.37e-05,7.42e-05,7.42e-05,29952.0
2018-04-18 11:59:59,7.42e-05,7.451e-05,7.35e-05,7.411e-05,7.411e-05,52493.0
2018-04-18 12:59:59,7.411e-05,7.888e-05,7.36e-05,7.701e-05,7.701e-05,348447.0
2018-04-18 13:59:59,7.693e-05,8.165e-05,7.654e-05,7.923e-05,7.923e-05,686915.0
2018-04-18 14:59:59,7.923e-05,8.1e-05,7.654e-05,7.76e-05,7.76e-05,433179.0
2018-04-18 15:59:59,7.768e-05,8.289e-05,7.636e-05,7.914e-05,7.914e-05,902879.0
2018-04-18 16:59:59,7.914e-05,7.956e-05,7.701e-05,7.834e-05,7.834e-05,148175.0
2018-04-18 17:59:59,7.834e-05,7.849e-05,7.663e-05,7.749e-05,7.749e-05,87396.0
2018-04-18 18:59:59,7.765e-05,7.842e-05,7.677e-05,7.689e-05,7.689e-05,113055.0
2018-04-18 19:59:59,7.689e-05,7.859e-05,7.682e-05,7.837e-05,7.837e-05,93893.0
2018-04-18 20:59:59,7.838e-05,7.869e-05,7.705e-05,7.763e-05,7.763e-05,67504.0
2018-04-18 21:59:59,7.755e-05,7.9e-05,7.738e-05,7.846e-05,7.846e-05,63054.0
2018-04-18 22:59:59,7.846e-05,7.92e-05,7.845e-05,7.89e-05,7.89e-05,48539.0
2018-04-18 23:59:59,7.89e-05,7.986e-05,7.845e-05,7.9e-05,7.9e-05,56823.0
2018-04-19 00:59:59,7.903e-05,7.944e-05,7.878e-05,7.94e-05,7.94e-05,56157.0
2018-04-19 01:59:59,7.936e-05,7.936e-05,7.833e-05,7.869e-05,7.869e-05,45227.0
2018-04-19 02:59:59,7.872e-05,7.876e-05,7.7e-05,7.781e-05,7.781e-05,80077.0
2018-04-19 03:59:59,7.754e-05,7.86e-05,7.754e-05,7.859e-05,7.859e-05,14047.0
2018-04-19 04:59:59,7.859e-05,7.885e-05,7.7e-05,7.769e-05,7.769e-05,67702.0
2018-04-19 05:59:59,7.769e-05,7.799e-05,7.724e-05,7.799e-05,7.799e-05,23267.0
2018-04-19 06:59:59,7.789e-05,7.828e-05,7.727e-05,7.828e-05,7.828e-05,33206.0
2018-04-19 07:59:59,7.825e-05,7.831e-05,7.753e-05,7.801e-05,7.801e-05,31225.0
2018-04-19 08:59:59,7.789e-05,7.799e-05,7.75e-05,7.789e-05,7.789e-05,11723.0
2018-04-19 09:59:59,7.789e-05,7.839e-05,7.672e-05,7.838e-05,7.838e-05,96599.0
2018-04-19 10:59:59,7.838e-05,7.98e-05,7.819e-05,7.886e-05,7.886e-05,190202.0
2018-04-19 11:59:59,7.89e-05,7.947e-05,7.77e-05,7.847e-05,7.847e-05,73698.0
2018-04-19 12:59:59,7.847e-05,7.857e-05,7.745e-05,7.841e-05,7.841e-05,46957.0
2018-04-19 13:59:59,7.84e-05,7.9e-05,7.764e-05,7.872e-05,7.872e-05,49514.0
2018-04-19 14:59:59,7.872e-05,8.28e-05,7.839e-05,8.183e-05,8.183e-05,462032.0
2018-04-19 15:59:59,8.183e-05,8.326e-05,8.129e-05,8.272e-05,8.272e-05,150691.0
2018-04-19 16:59:59,8.28e-05,8.353e-05,8.28e-05,8.338e-05,8.338e-05,190853.0
2018-04-19 17:59:59,8.337e-05,8.4e-05,8.311e-05,8.356e-05,8.356e-05,64078.0
2018-04-19 18:59:59,8.357e-05,8.392e-05,8.275e-05,8.319e-05,8.319e-05,84165.0
2018-04-19 19:59:59,8.304e-05,8.345e-05,8.27e-05,8.34e-05,8.34e-05,33154.0
2018-04-19 20:59:59,8.327e-05,8.34e-05,8.102e-05,8.199e-05,8.199e-05,60823.0
2018-04-19 21:59:59,8.186e-05,8.4e-05,8.186e-05,8.352e-05,8.352e-05,245765.0
2018-04-19 22:59:59,8.348e-05,8.38e-05,8.281e-05,8.293e-05,8.293e-05,81440.0
2018-04-19 23:59:59,8.293e-05,8.366e-05,7.988e-05,8.095e-05,8.095e-05,233668.0
2018-04-20 00:59:59,8.095e-05,8.254e-05,7.946e-05,8.2e-05,8.2e-05,224257.0
2018-04-20 01:59:59,8.2e-05,8.304e-05,7.475e-05,7.664e-05,7.664e-05,996616.0
2018-04-20 02:59:59,7.649e-05,8.12e-05,7.544e-05,7.819e-05,7.819e-05,449850.0
2018-04-20 03:59:59,7.801e-05,7.883e-05,7.551e-05,7.877e-05,7.877e-05,187995.0
2018-04-20 04:59:59,7.877e-05,7.9e-05,7.773e-05,7.9e-05,7.9e-05,63463.0
2018-04-20 05:59:59,7.897e-05,7.915e-05,7.815e-05,7.821e-05,7.821e-05,39337.0
2018-04-20 06:59:59,7.821e-05,7.9e-05,7.79e-05,7.856e-05,7.856e-05,55794.0
2018-04-20 07:59:59,7.856e-05,7.872e-05,7.817e-05,7.824e-05,7.824e-05,38773.0
2018-04-20 08:59:59,7.861e-05,7.882e-05,7.812e-05,7.821e-05,7.821e-05,37597.0
2018-04-20 09:59:59,7.821e-05,8.07e-05,7.801e-05,8.047e-05,8.047e-05,190852.0
2018-04-20 10:59:59,8.047e-05,8.105e-05,7.87e-05,7.898e-05,7.898e-05,240152.0
2018-04-20 11:59:59,7.898e-05,8.1e-05,7.898e-05,8.039e-05,8.039e-05,99137.0
2018-04-20 12:59:59,8.037e-05,8.175e-05,8e-05,8.085e-05,8.085e-05,90204.0
2018-04-20 13:59:59,8.085e-05,8.24e-05,8.003e-05,8.1e-05,8.1e-05,167981.0
2018-04-20 14:59:59,8.101e-05,8.151e-05,7.795e-05,7.888e-05,7.888e-05,307614.0
2018-04-20 15:59:59,7.89e-05,7.952e-05,7.888e-05,7.945e-05,7.945e-05,29359.0
2018-04-20 16:59:59,7.944e-05,7.963e-05,7.912e-05,7.92e-05,7.92e-05,17665.0
2018-04-20 17:59:59,7.943e-05,7.963e-05,7.854e-05,7.92e-05,7.92e-05,34846.0
2018-04-20 18:59:59,7.921e-05,7.927e-05,7.868e-05,7.899e-05,7.899e-05,36523.0
2018-04-20 19:59:59,7.899e-05,7.904e-05,7.707e-05,7.734e-05,7.734e-05,68616.0
2018-04-20 20:59:59,7.759e-05,7.835e-05,7.721e-05,7.766e-05,7.766e-05,19437.0
2018-04-20 21:59:59,7.766e-05,7.779e-05,7.615e-05,7.774e-05,7.774e-05,89607.0
2018-04-20 22:59:59,7.782e-05,7.79e-05,7.603e-05,7.7e-05,7.7e-05,28671.0
2018-04-20 23:59:59,7.646e-05,7.709e-05,7.615e-05,7.654e-05,7.654e-05,25008.0
2018-04-21 00:59:59,7.655e-05,7.688e-05,7.576e-05,7.583e-05,7.583e-05,48253.0
2018-04-21 01:59:59,7.614e-05,7.688e-05,7.614e-05,7.678e-05,7.678e-05,25915.0
2018-04-21 02:59:59,7.678e-05,7.687e-05,7.63e-05,7.687e-05,7.687e-05,9729.0
2018-04-21 03:59:59,7.66e-05,7.687e-05,7.565e-05,7.676e-05,7.676e-05,19128.0
2018-04-21 04:59:59,7.674e-05,7.675e-05,7.563e-05,7.62e-05,7.62e-05,34191.0
2018-04-21 05:59:59,7.62e-05,7.639e-05,7.5e-05,7.539e-05,7.539e-05,65386.0
2018-04-21 06:59:59,7.535e-05,7.54e-05,7.219e-05,7.357e-05,7.357e-05,98310.0
2018-04-21 07:59:59,7.317e-05,7.397e-05,7.051e-05,7.115e-05,7.115e-05,65696.0
2018-04-21 08:59:59,7.115e-05,7.14e-05,6.889e-05,7.08e-05,7.08e-05,93701.0
2018-04-21 09:59:59,7.083e-05,7.352e-05,7.08e-05,7.352e-05,7.352e-05,70589.0
2018-04-21 10:59:59,7.352e-05,7.433e-05,7.347e-05,7.398e-05,7.398e-05,24238.0
2018-04-21 11:59:59,7.398e-05,7.51e-05,7.351e-05,7.503e-05,7.503e-05,46277.0
2018-04-21 12:59:59,7.503e-05,7.535e-05,7.295e-05,7.369e-05,7.369e-05,48522.0
2018-04-21 13:59:59,7.371e-05,7.397e-05,7.289e-05,7.341e-05,7.341e-05,21113.0
2018-04-21 14:59:59,7.341e-05,7.411e-05,7.337e-05,7.393e-05,7.393e-05,9525.0
2018-04-21 15:59:59,7.4e-05,7.481e-05,7.223e-05,7.433e-05,7.433e-05,30654.0
2018-04-21 16:59:59,7.435e-05,7.451e-05,7.353e-05,7.38e-05,7.38e-05,12768.0
2018-04-21 17:59:59,7.38e-05,7.4e-05,7.256e-05,7.346e-05,7.346e-05,30975.0
2018-04-21 18:59:59,7.347e-05,7.362e-05,7.227e-05,7.328e-05,7.328e-05,14024.0
2018-04-21 19:59:59,7.325e-05,7.34e-05,7.189e-05,7.27e-05,7.27e-05,18964.0
2018-04-21 20:59:59,7.266e-05,7.339e-05,7.259e-05,7.304e-05,7.304e-05,14591.0
2018-04-21 21:59:59,7.299e-05,7.384e-05,7.29e-05,7.359e-05,7.359e-05,12156.0
2018-04-21 22:59:59,7.352e-05,7.371e-05,7.26e-05,7.355e-05,7.355e-05,11779.0
2018-04-21 23:59:59,7.368e-05,7.444e-05,7.35e-05,7.441e-05,7.441e-05,9588.0
2018-04-22 00:59:59,7.419e-05,7.477e-05,7.384e-05,7.403e-05,7.403e-05,17652.0
2018-04-22 01:59:59,7.431e-05,7.44e-05,7.4e-05,7.407e-05,7.407e-05,10735.0
2018-04-22 02:59:59,7.429e-05,7.481e-05,7.429e-05,7.481e-05,7.481e-05,10513.0
2018-04-22 03:59:59,7.481e-05,7.7e-05,7.463e-05,7.646e-05,7.646e-05,155772.0
2018-04-22 04:59:59,7.644e-05,7.875e-05,7.644e-05,7.855e-05,7.855e-05,143270.0
2018-04-22 05:59:59,7.85e-05,7.875e-05,7.75e-05,7.75e-05,7.75e-05,54109.0
2018-04-22 06:59:59,7.797e-05,7.899e-05,7.766e-05,7.864e-05,7.864e-05,37405.0
2018-04-22 07:59:59,7.865e-05,7.893e-05,7.812e-05,7.849e-05,7.849e-05,57992.0
2018-04-22 08:59:59,7.849e-05,7.883e-05,7.814e-05,7.871e-05,7.871e-05,31713.0
2018-04-22 09:59:59,7.865e-05,7.89e-05,7.781e-05,7.846e-05,7.846e-05,35157.0
2018-04-22 10:59:59,7.838e-05,7.855e-05,7.708e-05,7.828e-05,7.828e-05,66334.0
2018-04-22 11:59:59,7.824e-05,7.972e-05,7.788e-05,7.928e-05,7.928e-05,84420.0
2018-04-22 12:59:59,7.93e-05,7.991e-05,7.903e-05,7.926e-05,7.926e-05,65362.0
2018-04-22 13:59:59,7.926e-05,8.1e-05,7.919e-05,8.009e-05,8.009e-05,103031.0
2018-04-22 14:59:59,8.01e-05,8.066e-05,7.959e-05,7.987e-05,7.987e-05,35285.0
2018-04-22 15:59:59,7.987e-05,8e-05,7.915e-05,7.925e-05,7.925e-05,36006.0
2018-04-22 16:59:59,7.925e-05,7.96e-05,7.815e-05,7.902e-05,7.902e-05,73989.0
2018-04-22 17:59:59,7.903e-05,7.991e-05,7.903e-05,7.975e-05,7.975e-05,24591.0
2018-04-22 18:59:59,7.967e-05,8.01e-05,7.898e-05,7.969e-05,7.969e-05,21551.0
2018-04-22 19:59:59,7.968e-05,8.01e-05,7.8e-05,7.84e-05,7.84e-05,90239.0
2018-04-22 20:59:59,7.84e-05,7.868e-05,7.758e-05,7.781e-05,7.781e-05,38845.0
2018-04-22 21:59:59,7.781e-05,7.781e-05,7.724e-05,7.75e-05,7.75e-05,27601.0
2018-04-22 22:59:59,7.759e-05,7.815e-05,7.757e-05,7.815e-05,7.815e-05,20786.0
2018-04-22 23:59:59,7.815e-05,7.815e-05,7.7e-05,7.76e-05,7.76e-05,34707.0
2018-04-23 00:59:59,7.74e-05,7.855e-05,7.736e-05,7.85e-05,7.85e-05,38157.0
2018-04-23 01:59:59,7.85e-05,7.864e-05,7.824e-05,7.836e-05,7.836e-05,15195.0
2018-04-23 02:59:59,7.836e-05,7.836e-05,7.797e-05,7.818e-05,7.818e-05,10389.0
2018-04-23 03:59:59,7.818e-05,7.836e-05,7.539e-05,7.747e-05,7.747e-05,170923.0
2018-04-23 04:59:59,7.747e-05,7.83e-05,7.736e-05,7.83e-05,7.83e-05,33430.0
2018-04-23 05:59:59,7.83e-05,7.85e-05,7.757e-05,7.821e-05,7.821e-05,36733.0
2018-04-23 06:59:59,7.81e-05,7.83e-05,7.668e-05,7.812e-05,7.812e-05,46041.0
2018-04-23 07:59:59,7.812e-05,7.85e-05,7.755e-05,7.81e-05,7.81e-05,20813.0
2018-04-23 08:59:59,7.81e-05,7.812e-05,7.758e-05,7.805e-05,7.805e-05,24215.0
2018-04-23 09:59:59,7.787e-05,7.861e-05,7.776e-05,7.861e-05,7.861e-05,53733.0
2018-04-23 10:59:59,7.861e-05,8.188e-05,7.851e-05,8.021e-05,8.021e-05,241375.0
2018-04-23 11:59:59,8.021e-05,8.116e-05,7.916e-05,7.975e-05,7.975e-05,91314.0
2018-04-23 12:59:59,7.975e-05,8.195e-05,7.974e-05,8.194e-05,8.194e-05,62003.0
2018-04-23 13:59:59,8.191e-05,8.191e-05,7.972e-05,8.025e-05,8.025e-05,62164.0
2018-04-23 14:59:59,8.019e-05,8.266e-05,7.94e-05,8.219e-05,8.219e-05,175913.0
2018-04-23 15:59:59,8.219e-05,8.5e-05,8.15e-05,8.403e-05,8.403e-05,761780.0
2018-04-23 16:59:59,8.4e-05,8.474e-05,8.209e-05,8.373e-05,8.373e-05,1010332.0
2018-04-23 17:59:59,8.319e-05,8.5e-05,8.233e-05,8.41e-05,8.41e-05,672834.0
2018-04-23 18:59:59,8.396e-05,8.396e-05,8.018e-05,8.24e-05,8.24e-05,639942.0
2018-04-23 19:59:59,8.204e-05,8.337e-05,8.173e-05,8.24e-05,8.24e-05,70150.0
2018-04-23 20:59:59,8.213e-05,8.241e-05,8.152e-05,8.158e-05,8.158e-05,31518.0
2018-04-23 21:59:59,8.178e-05,8.223e-05,8.085e-05,8.131e-05,8.131e-05,41628.0
2018-04-23 22:59:59,8.131e-05,8.143e-05,8.066e-05,8.115e-05,8.115e-05,32134.0
2018-04-23 23:59:59,8.114e-05,8.223e-05,8.075e-05,8.223e-05,8.223e-05,29067.0
2018-04-24 00:59:59,8.225e-05,8.46e-05,8.223e-05,8.45e-05,8.45e-05,121359.0
2018-04-24 01:59:59,8.46e-05,8.5e-05,8.42e-05,8.486e-05,8.486e-05,58467.0
2018-04-24 02:59:59,8.486e-05,8.494e-05,8.34e-05,8.387e-05,8.387e-05,41728.0
2018-04-24 03:59:59,8.385e-05,8.387e-05,8.326e-05,8.327e-05,8.327e-05,37454.0
2018-04-24 04:59:59,8.338e-05,8.387e-05,8.31e-05,8.36e-05,8.36e-05,31557.0
2018-04-24 05:59:59,8.36e-05,8.381e-05,8.299e-05,8.34e-05,8.34e-05,18194.0
2018-04-24 06:59:59,8.349e-05,8.397e-05,8.311e-05,8.356e-05,8.356e-05,28326.0
2018-04-24 07:59:59,8.371e-05,8.371e-05,8.3e-05,8.3e-05,8.3e-05,20228.0
2018-04-24 08:59:59,8.318e-05,8.39e-05,8.317e-05,8.39e-05,8.39e-05,27757.0
2018-04-24 09:59:59,8.372e-05,8.5e-05,8.333e-05,8.499e-05,8.499e-05,98231.0
2018-04-24 10:59:59,8.499e-05,8.567e-05,8.433e-05,8.535e-05,8.535e-05,76928.0
2018-04-24 11:59:59,8.535e-05,8.565e-05,8.364e-05,8.463e-05,8.463e-05,55265.0
2018-04-24 12:59:59,8.463e-05,8.563e-05,8.421e-05,8.44e-05,8.44e-05,52854.0
2018-04-24 13:59:59,8.43e-05,8.459e-05,8.322e-05,8.386e-05,8.386e-05,69749.0
2018-04-24 14:59:59,8.386e-05,8.387e-05,8.32e-05,8.336e-05,8.336e-05,64839.0
2018-04-24 15:59:59,8.336e-05,8.373e-05,8.336e-05,8.371e-05,8.371e-05,27624.0
2018-04-24 16:59:59,8.371e-05,8.371e-05,8.32e-05,8.346e-05,8.346e-05,44784.0
2018-04-24 17:59:59,8.346e-05,8.356e-05,8.32e-05,8.321e-05,8.321e-05,25975.0
2018-04-24 18:59:59,8.334e-05,8.372e-05,8.32e-05,8.355e-05,8.355e-05,18158.0
2018-04-24 19:59:59,8.355e-05,8.374e-05,8.32e-05,8.32e-05,8.32e-05,25097.0
2018-04-24 20:59:59,8.32e-05,8.321e-05,8.117e-05,8.156e-05,8.156e-05,36150.0
2018-04-24 21:59:59,8.156e-05,8.156e-05,7.975e-05,8.004e-05,8.004e-05,74460.0
2018-04-24 22:59:59,8.005e-05,8.075e-05,7.83e-05,7.85e-05,7.85e-05,71945.0
2018-04-24 23:59:59,7.88e-05,7.99e-05,7.842e-05,7.923e-05,7.923e-05,47556.0
2018-04-25 00:59:59,7.946e-05,7.982e-05,7.6e-05,7.6e-05,7.6e-05,91509.0
2018-04-25 01:59:59,7.6e-05,7.725e-05,6.968e-05,7.086e-05,7.086e-05,376997.0
2018-04-25 02:59:59,7.086e-05,7.616e-05,7.08e-05,7.597e-05,7.597e-05,110675.0
2018-04-25 03:59:59,7.579e-05,7.666e-05,7.5e-05,7.574e-05,7.574e-05,55169.0
2018-04-25 04:59:59,7.589e-05,7.65e-05,7.574e-05,7.6e-05,7.6e-05,11787.0
2018-04-25 05:59:59,7.6e-05,7.605e-05,7.35e-05,7.35e-05,7.35e-05,28755.0
2018-04-25 06:59:59,7.35e-05,7.455e-05,7.174e-05,7.219e-05,7.219e-05,78172.0
2018-04-25 07:59:59,7.206e-05,7.257e-05,7.06e-05,7.144e-05,7.144e-05,127435.0
2018-04-25 08:59:59,7.144e-05,7.276e-05,7.101e-05,7.253e-05,7.253e-05,49235.0
2018-04-25 09:59:59,7.217e-05,7.43e-05,7.216e-05,7.42e-05,7.42e-05,65295.0
2018-04-25 10:59:59,7.428e-05,7.455e-05,7.26e-05,7.299e-05,7.299e-05,38196.0
2018-04-25 11:59:59,7.293e-05,7.351e-05,7.217e-05,7.293e-05,7.293e-05,49545.0
2018-04-25 12:59:59,7.293e-05,7.671e-05,7.254e-05,7.65e-05,7.65e-05,80883.0
2018-04-25 13:59:59,7.652e-05,7.698e-05,7.425e-05,7.562e-05,7.562e-05,52357.0
2018-04-25 14:59:59,7.562e-05,7.666e-05,7.562e-05,7.666e-05,7.666e-05,23742.0
2018-04-25 15:59:59,7.666e-05,7.666e-05,7.465e-05,7.604e-05,7.604e-05,30705.0
2018-04-25 16:59:59,7.577e-05,7.602e-05,7.434e-05,7.529e-05,7.529e-05,9689.0
2018-04-25 17:59:59,7.547e-05,7.616e-05,7.472e-05,7.536e-05,7.536e-05,27082.0
2018-04-25 18:59:59,7.536e-05,7.571e-05,7.377e-05,7.486e-05,7.486e-05,58058.0
2018-04-25 19:59:59,7.496e-05,7.497e-05,7.387e-05,7.409e-05,7.409e-05,28700.0
2018-04-25 20:59:59,7.413e-05,7.438e-05,7.127e-05,7.168e-05,7.168e-05,85122.0
2018-04-25 21:59:59,7.187e-05,7.264e-05,7.105e-05,7.22e-05,7.22e-05,50304.0
2018-04-25 22:59:59,7.22e-05,7.333e-05,7.167e-05,7.329e-05,7.329e-05,37566.0
2018-04-25 23:59:59,7.329e-05,7.401e-05,7.325e-05,7.393e-05,7.393e-05,16699.0
2018-04-26 00:59:59,7.385e-05,7.445e-05,7.35e-05,7.397e-05,7.397e-05,35136.0
2018-04-26 01:59:59,7.386e-05,7.565e-05,7.386e-05,7.485e-05,7.485e-05,33187.0
2018-04-26 02:59:59,7.488e-05,7.623e-05,7.463e-05,7.623e-05,7.623e-05,29246.0
2018-04-26 03:59:59,7.623e-05,7.682e-05,7.485e-05,7.626e-05,7.626e-05,85380.0
2018-04-26 04:59:59,7.623e-05,7.799e-05,7.623e-05,7.78e-05,7.78e-05,42435.0
2018-04-26 05:59:59,7.784e-05,7.8e-05,7.566e-05,7.566e-05,7.566e-05,50752.0
2018-04-26 06:59:59,7.564e-05,7.569e-05,7.5e-05,7.536e-05,7.536e-05,26416.0
2018-04-26 07:59:59,7.535e-05,7.594e-05,7.532e-05,7.594e-05,7.594e-05,14546.0
2018-04-26 08:59:59,7.575e-05,7.761e-05,7.547e-05,7.695e-05,7.695e-05,22173.0
2018-04-26 09:59:59,7.695e-05,7.8e-05,7.695e-05,7.8e-05,7.8e-05,31292.0
2018-04-26 10:59:59,7.8e-05,7.836e-05,7.774e-05,7.824e-05,7.824e-05,33393.0
2018-04-26 11:59:59,7.824e-05,7.886e-05,7.732e-05,7.831e-05,7.831e-05,48056.0
2018-04-26 12:59:59,7.831e-05,7.896e-05,7.83e-05,7.857e-05,7.857e-05,27879.0
2018-04-26 13:59:59,7.869e-05,7.869e-05,7.651e-05,7.78e-05,7.78e-05,63586.0
2018-04-26 14:59:59,7.777e-05,7.796e-05,7.712e-05,7.745e-05,7.745e-05,31369.0
2018-04-26 15:59:59,7.745e-05,7.805e-05,7.712e-05,7.754e-05,7.754e-05,28834.0
2018-04-26 16:59:59,7.753e-05,7.753e-05,7.71e-05,7.736e-05,7.736e-05,6496.0
2018-04-26 17:59:59,7.72e-05,7.728e-05,7.697e-05,7.701e-05,7.701e-05,13187.0
2018-04-26 18:59:59,7.701e-05,7.739e-05,7.65e-05,7.699e-05,7.699e-05,24039.0
2018-04-26 19:59:59,7.693e-05,7.747e-05,7.657e-05,7.726e-05,7.726e-05,17023.0
2018-04-26 20:59:59,7.723e-05,7.75e-05,7.654e-05,7.68e-05,7.68e-05,16659.0
2018-04-26 21:59:59,7.68e-05,7.698e-05,7.513e-05,7.697e-05,7.697e-05,34317.0
2018-04-26 22:59:59,7.68e-05,7.704e-05,7.619e-05,7.689e-05,7.689e-05,5551.0
2018-04-26 23:59:59,7.68e-05,7.684e-05,7.582e-05,7.625e-05,7.625e-05,20082.0
2018-04-27 00:59:59,7.627e-05,7.711e-05,7.62e-05,7.669e-05,7.669e-05,24231.0
2018-04-27 01:59:59,7.669e-05,7.705e-05,7.585e-05,7.699e-05,7.699e-05,16293.0
2018-04-27 02:59:59,7.699e-05,7.705e-05,7.596e-05,7.64e-05,7.64e-05,7128.0
2018-04-27 03:59:59,7.642e-05,7.678e-05,7.575e-05,7.672e-05,7.672e-05,11720.0
2018-04-27 04:59:59,7.667e-05,7.69e-05,7.56e-05,7.653e-05,7.653e-05,21220.0
2018-04-27 05:59:59,7.653e-05,7.713e-05,7.59e-05,7.713e-05,7.713e-05,20559.0
2018-04-27 06:59:59,7.712e-05,7.917e-05,7.674e-05,7.868e-05,7.868e-05,80591.0
2018-04-27 07:59:59,7.899e-05,7.981e-05,7.872e-05,7.977e-05,7.977e-05,28003.0
2018-04-27 08:59:59,7.936e-05,7.984e-05,7.911e-05,7.955e-05,7.955e-05,25726.0
2018-04-27 09:59:59,7.943e-05,7.962e-05,7.846e-05,7.849e-05,7.849e-05,41065.0
2018-04-27 10:59:59,7.849e-05,7.963e-05,7.846e-05,7.944e-05,7.944e-05,33484.0
2018-04-27 11:59:59,7.953e-05,7.953e-05,7.909e-05,7.911e-05,7.911e-05,12237.0
2018-04-27 12:59:59,7.943e-05,7.953e-05,7.89e-05,7.921e-05,7.921e-05,32264.0
2018-04-27 13:59:59,7.938e-05,7.963e-05,7.92e-05,7.962e-05,7.962e-05,34065.0
2018-04-27 14:59:59,7.962e-05,8.092e-05,7.955e-05,8.085e-05,8.085e-05,78622.0
2018-04-27 15:59:59,8.082e-05,8.3e-05,7.966e-05,8.01e-05,8.01e-05,369111.0
2018-04-27 16:59:59,8.019e-05,8.1e-05,7.822e-05,7.844e-05,7.844e-05,114698.0
2018-04-27 17:59:59,7.868e-05,7.868e-05,7.61e-05,7.654e-05,7.654e-05,64678.0
2018-04-27 18:59:59,7.654e-05,7.81e-05,7.654e-05,7.712e-05,7.712e-05,37699.0
2018-04-27 19:59:59,7.711e-05,8.164e-05,7.693e-05,8.022e-05,8.022e-05,89572.0
2018-04-27 20:59:59,8.022e-05,8.031e-05,7.901e-05,7.908e-05,7.908e-05,31733.0
2018-04-27 21:59:59,7.908e-05,8.1e-05,7.846e-05,8.1e-05,8.1e-05,43056.0
2018-04-27 22:59:59,8.1e-05,8.16e-05,8.023e-05,8.085e-05,8.085e-05,27287.0
2018-04-27 23:59:59,8.069e-05,8.18e-05,8e-05,8.122e-05,8.122e-05,45658.0
2018-04-28 00:59:59,8.122e-05,8.26e-05,8.114e-05,8.245e-05,8.245e-05,35106.0
2018-04-28 01:59:59,8.25e-05,8.283e-05,8.156e-05,8.273e-05,8.273e-05,31700.0
2018-04-28 02:59:59,8.263e-05,8.28e-05,8.2e-05,8.245e-05,8.245e-05,12172.0
2018-04-28 03:59:59,8.245e-05,8.261e-05,8.18e-05,8.23e-05,8.23e-05,26535.0
2018-04-28 04:59:59,8.23e-05,8.237e-05,8.078e-05,8.135e-05,8.135e-05,21265.0
2018-04-28 05:59:59,8.114e-05,8.14e-05,8.087e-05,8.13e-05,8.13e-05,15560.0
2018-04-28 06:59:59,8.095e-05,8.155e-05,7.999e-05,8.133e-05,8.133e-05,25232.0
2018-04-28 07:59:59,8.133e-05,8.207e-05,8.112e-05,8.168e-05,8.168e-05,17619.0
2018-04-28 08:59:59,8.168e-05,8.189e-05,8.154e-05,8.178e-05,8.178e-05,14136.0
2018-04-28 09:59:59,8.169e-05,8.224e-05,8.156e-05,8.156e-05,8.156e-05,19471.0
2018-04-28 10:59:59,8.156e-05,8.262e-05,8.129e-05,8.164e-05,8.164e-05,92680.0
2018-04-28 11:59:59,8.161e-05,8.2e-05,8.1e-05,8.15e-05,8.15e-05,32460.0
2018-04-28 12:59:59,8.154e-05,8.262e-05,8.017e-05,8.18e-05,8.18e-05,52610.0
2018-04-28 13:59:59,8.171e-05,8.195e-05,8.117e-05,8.135e-05,8.135e-05,14486.0
2018-04-28 14:59:59,8.135e-05,8.183e-05,8.122e-05,8.156e-05,8.156e-05,37223.0
2018-04-28 15:59:59,8.148e-05,8.164e-05,7.985e-05,8.071e-05,8.071e-05,128181.0
2018-04-28 16:59:59,8.071e-05,8.118e-05,8.071e-05,8.09e-05,8.09e-05,18996.0
2018-04-28 17:59:59,8.084e-05,8.121e-05,8.007e-05,8.059e-05,8.059e-05,24412.0
2018-04-28 18:59:59,8.06e-05,8.06e-05,8.003e-05,8.027e-05,8.027e-05,13683.0
2018-04-28 19:59:59,8.027e-05,8.039e-05,8.02e-05,8.033e-05,8.033e-05,8370.0
2018-04-28 20:59:59,8.033e-05,8.147e-05,8.016e-05,8.147e-05,8.147e-05,58853.0
2018-04-28 21:59:59,8.128e-05,8.128e-05,8.047e-05,8.121e-05,8.121e-05,15833.0
2018-04-28 22:59:59,8.12e-05,8.15e-05,8.12e-05,8.129e-05,8.129e-05,11720.0
2018-04-28 23:59:59,8.129e-05,8.151e-05,8.017e-05,8.05e-05,8.05e-05,38326.0
2018-04-29 00:59:59,8.051e-05,8.163e-05,8.051e-05,8.162e-05,8.162e-05,22058.0
2018-04-29 01:59:59,8.163e-05,8.235e-05,8.118e-05,8.189e-05,8.189e-05,48350.0
2018-04-29 02:59:59,8.189e-05,8.29e-05,8.168e-05,8.198e-05,8.198e-05,59254.0
2018-04-29 03:59:59,8.22e-05,8.305e-05,8.185e-05,8.244e-05,8.244e-05,48799.0
2018-04-29 04:59:59,8.244e-05,8.388e-05,8.241e-05,8.357e-05,8.357e-05,104620.0
2018-04-29 05:59:59,8.357e-05,8.525e-05,8.357e-05,8.511e-05,8.511e-05,102865.0
2018-04-29 06:59:59,8.518e-05,8.524e-05,8.241e-05,8.315e-05,8.315e-05,181705.0
2018-04-29 07:59:59,8.311e-05,8.349e-05,8.281e-05,8.287e-05,8.287e-05,20311.0
2018-04-29 08:59:59,8.319e-05,8.33e-05,8.1e-05,8.236e-05,8.236e-05,164122.0
2018-04-29 09:59:59,8.236e-05,8.33e-05,8.234e-05,8.33e-05,8.33e-05,22927.0
2018-04-29 10:59:59,8.305e-05,8.361e-05,8.279e-05,8.301e-05,8.301e-05,80911.0
2018-04-29 11:59:59,8.301e-05,8.4e-05,8.289e-05,8.351e-05,8.351e-05,44188.0
2018-04-29 12:59:59,8.345e-05,8.459e-05,8.301e-05,8.445e-05,8.445e-05,131444.0
2018-04-29 13:59:59,8.445e-05,8.448e-05,8.395e-05,8.423e-05,8.423e-05,70161.0
2018-04-29 14:59:59,8.424e-05,8.75e-05,8.395e-05,8.55e-05,8.55e-05,365160.0
2018-04-29 15:59:59,8.55e-05,8.988e-05,8.508e-05,8.988e-05,8.988e-05,425631.0
2018-04-29 16:59:59,8.954e-05,8.999e-05,8.37e-05,8.569e-05,8.569e-05,374249.0
2018-04-29 17:59:59,8.555e-05,8.583e-05,8.429e-05,8.51e-05,8.51e-05,67949.0
2018-04-29 18:59:59,8.51e-05,8.88e-05,8.496e-05,8.628e-05,8.628e-05,154176.0
2018-04-29 19:59:59,8.628e-05,8.84e-05,8.585e-05,8.617e-05,8.617e-05,134246.0
2018-04-29 20:59:59,8.617e-05,8.888e-05,8.605e-05,8.68e-05,8.68e-05,54855.0
2018-04-29 21:59:59,8.68e-05,8.68e-05,8.492e-05,8.61e-05,8.61e-05,67947.0
2018-04-29 22:59:59,8.61e-05,8.611e-05,8.517e-05,8.58e-05,8.58e-05,49664.0
2018-04-29 23:59:59,8.573e-05,8.58e-05,8.459e-05,8.542e-05,8.542e-05,60367.0
2018-04-30 00:59:59,8.541e-05,8.541e-05,8.401e-05,8.466e-05,8.466e-05,86191.0
2018-04-30 01:59:59,8.46e-05,8.6e-05,8.459e-05,8.543e-05,8.543e-05,29956.0
2018-04-30 02:59:59,8.549e-05,8.649e-05,8.494e-05,8.614e-05,8.614e-05,52109.0
2018-04-30 03:59:59,8.588e-05,8.651e-05,8.579e-05,8.604e-05,8.604e-05,30612.0
2018-04-30 04:59:59,8.612e-05,8.638e-05,8.537e-05,8.597e-05,8.597e-05,46930.0
2018-04-30 05:59:59,8.593e-05,8.643e-05,8.593e-05,8.638e-05,8.638e-05,18328.0
2018-04-30 06:59:59,8.638e-05,8.734e-05,8.591e-05,8.674e-05,8.674e-05,52286.0
2018-04-30 07:59:59,8.677e-05,8.795e-05,8.677e-05,8.795e-05,8.795e-05,86490.0
2018-04-30 08:59:59,8.797e-05,9.339e-05,8.795e-05,9.128e-05,9.128e-05,454748.0
2018-04-30 09:59:59,9.129e-05,9.379e-05,8.964e-05,9.194e-05,9.194e-05,242310.0
2018-04-30 10:59:59,9.18e-05,9.229e-05,8.888e-05,8.93e-05,8.93e-05,206884.0
2018-04-30 11:59:59,8.93e-05,9.359e-05,8.75e-05,8.997e-05,8.997e-05,244427.0
2018-04-30 12:59:59,8.997e-05,9.117e-05,8.8e-05,8.963e-05,8.963e-05,115282.0
2018-04-30 13:59:59,8.964e-05,9.06e-05,8.846e-05,8.882e-05,8.882e-05,61396.0
2018-04-30 14:59:59,8.885e-05,8.97e-05,8.877e-05,8.97e-05,8.97e-05,35748.0
2018-04-30 15:59:59,8.97e-05,9.07e-05,8.747e-05,8.823e-05,8.823e-05,110578.0
2018-04-30 16:59:59,8.821e-05,8.926e-05,8.746e-05,8.86e-05,8.86e-05,39558.0
2018-04-30 17:59:59,8.907e-05,8.929e-05,8.768e-05,8.831e-05,8.831e-05,55558.0
2018-04-30 18:59:59,8.823e-05,8.882e-05,8.812e-05,8.839e-05,8.839e-05,22188.0
2018-04-30 19:59:59,8.824e-05,8.924e-05,8.82e-05,8.823e-05,8.823e-05,20121.0
2018-04-30 20:59:59,8.83e-05,8.869e-05,8.815e-05,8.831e-05,8.831e-05,27135.0
2018-04-30 21:59:59,8.82e-05,8.922e-05,8.812e-05,8.9e-05,8.9e-05,63465.0
2018-04-30 22:59:59,8.9e-05,9.201e-05,8.6e-05,8.62e-05,8.62e-05,220658.0
2018-04-30 23:59:59,8.619e-05,8.668e-05,8.555e-05,8.615e-05,8.615e-05,63560.0
2018-05-01 00:59:59,8.615e-05,8.631e-05,8.459e-05,8.527e-05,8.527e-05,49960.0
2018-05-01 01:59:59,8.518e-05,8.556e-05,8.464e-05,8.551e-05,8.551e-05,30479.0
2018-05-01 02:59:59,8.551e-05,8.612e-05,8.502e-05,8.555e-05,8.555e-05,23157.0
2018-05-01 03:59:59,8.557e-05,8.638e-05,8.557e-05,8.634e-05,8.634e-05,27020.0
2018-05-01 04:59:59,8.594e-05,8.67e-05,8.555e-05,8.622e-05,8.622e-05,36359.0
2018-05-01 05:59:59,8.63e-05,8.707e-05,8.59e-05,8.667e-05,8.667e-05,125979.0
2018-05-01 06:59:59,8.688e-05,8.796e-05,8.658e-05,8.69e-05,8.69e-05,55792.0
2018-05-01 07:59:59,8.688e-05,8.688e-05,8.633e-05,8.644e-05,8.644e-05,20730.0
2018-05-01 08:59:59,8.644e-05,8.71e-05,8.59e-05,8.621e-05,8.621e-05,30510.0
2018-05-01 09:59:59,8.637e-05,8.637e-05,8.55e-05,8.55e-05,8.55e-05,31487.0
2018-05-01 10:59:59,8.595e-05,8.618e-05,8.554e-05,8.6e-05,8.6e-05,13359.0
2018-05-01 11:59:59,8.599e-05,8.662e-05,8.556e-05,8.576e-05,8.576e-05,9176.0
2018-05-01 12:59:59,8.594e-05,8.674e-05,8.576e-05,8.647e-05,8.647e-05,18906.0
2018-05-01 13:59:59,8.647e-05,8.713e-05,8.611e-05,8.613e-05,8.613e-05,26670.0
2018-05-01 14:59:59,8.613e-05,8.69e-05,8.613e-05,8.655e-05,8.655e-05,13426.0
2018-05-01 15:59:59,8.661e-05,8.968e-05,8.603e-05,8.816e-05,8.816e-05,304049.0
2018-05-01 16:59:59,8.804e-05,9e-05,8.791e-05,9e-05,9e-05,109580.0
2018-05-01 17:59:59,9e-05,9.079e-05,8.95e-05,8.979e-05,8.979e-05,53069.0
2018-05-01 18:59:59,8.978e-05,9.029e-05,8.908e-05,8.946e-05,8.946e-05,38749.0
2018-05-01 19:59:59,8.946e-05,9.111e-05,8.909e-05,9.109e-05,9.109e-05,52964.0
2018-05-01 20:59:59,9.082e-05,9.11e-05,9.018e-05,9.071e-05,9.071e-05,15834.0
2018-05-01 21:59:59,9.107e-05,9.136e-05,8.99e-05,9.004e-05,9.004e-05,36404.0
2018-05-01 22:59:59,8.993e-05,9.136e-05,8.99e-05,8.999e-05,8.999e-05,62777.0
2018-05-01 23:59:59,9e-05,9.155e-05,9e-05,9.154e-05,9.154e-05,54837.0
2018-05-02 00:59:59,9.127e-05,9.179e-05,9.088e-05,9.119e-05,9.119e-05,30716.0
2018-05-02 01:59:59,9.149e-05,9.197e-05,9.05e-05,9.08e-05,9.08e-05,51232.0
2018-05-02 02:59:59,9.058e-05,9.099e-05,9.009e-05,9.08e-05,9.08e-05,25669.0
2018-05-02 03:59:59,9.08e-05,9.152e-05,9e-05,9.113e-05,9.113e-05,86793.0
2018-05-02 04:59:59,9.126e-05,9.22e-05,9.031e-05,9.045e-05,9.045e-05,54498.0
2018-05-02 05:59:59,9.06e-05,9.106e-05,8.848e-05,9.1e-05,9.1e-05,57313.0
2018-05-02 06:59:59,9.1e-05,9.182e-05,8.691e-05,9e-05,9e-05,114217.0
2018-05-02 07:59:59,8.999e-05,9.011e-05,8.938e-05,8.986e-05,8.986e-05,50368.0
2018-05-02 08:59:59,8.991e-05,9.1e-05,8.947e-05,9.088e-05,9.088e-05,59646.0
2018-05-02 09:59:59,9.096e-05,9.104e-05,9.043e-05,9.083e-05,9.083e-05,46761.0
2018-05-02 10:59:59,9.069e-05,9.082e-05,8.865e-05,8.873e-05,8.873e-05,66526.0
2018-05-02 11:59:59,8.873e-05,8.933e-05,8.873e-05,8.92e-05,8.92e-05,28786.0
2018-05-02 12:59:59,8.912e-05,9.045e-05,8.878e-05,8.996e-05,8.996e-05,49253.0
2018-05-02 13:59:59,8.996e-05,9.009e-05,8.9e-05,8.999e-05,8.999e-05,35907.0
2018-05-02 14:59:59,8.999e-05,9.047e-05,8.949e-05,8.999e-05,8.999e-05,30289.0
2018-05-02 15:59:59,8.981e-05,9e-05,8.9e-05,8.902e-05,8.902e-05,34489.0
2018-05-02 16:59:59,8.902e-05,8.943e-05,8.9e-05,8.901e-05,8.901e-05,31506.0
2018-05-02 17:59:59,8.901e-05,8.94e-05,8.81e-05,8.893e-05,8.893e-05,29738.0
2018-05-02 18:59:59,8.893e-05,8.969e-05,8.66e-05,8.852e-05,8.852e-05,70990.0
2018-05-02 19:59:59,8.857e-05,9e-05,8.857e-05,8.951e-05,8.951e-05,25120.0
2018-05-02 20:59:59,8.941e-05,8.951e-05,8.876e-05,8.892e-05,8.892e-05,6774.0
2018-05-02 21:59:59,8.892e-05,8.901e-05,8.8e-05,8.833e-05,8.833e-05,47400.0
2018-05-02 22:59:59,8.825e-05,8.883e-05,8.742e-05,8.769e-05,8.769e-05,52139.0
2018-05-02 23:59:59,8.799e-05,8.922e-05,8.774e-05,8.868e-05,8.868e-05,28650.0
2018-05-03 00:59:59,8.868e-05,8.95e-05,8.8e-05,8.903e-05,8.903e-05,57656.0
2018-05-03 01:59:59,8.906e-05,9.028e-05,8.902e-05,8.948e-05,8.948e-05,72279.0
2018-05-03 02:59:59,8.916e-05,9.118e-05,8.91e-05,8.997e-05,8.997e-05,78431.0
2018-05-03 03:59:59,8.957e-05,9.027e-05,8.947e-05,8.991e-05,8.991e-05,28773.0
2018-05-03 04:59:59,8.991e-05,9.118e-05,8.99e-05,9.086e-05,9.086e-05,22197.0
2018-05-03 05:59:59,9.086e-05,9.118e-05,8.98e-05,8.993e-05,8.993e-05,37945.0
2018-05-03 06:59:59,8.998e-05,9.023e-05,8.99e-05,9.007e-05,9.007e-05,5644.0
2018-05-03 07:59:59,9.007e-05,9.118e-05,9.005e-05,9.106e-05,9.106e-05,122704.0
2018-05-03 08:59:59,9.104e-05,9.479e-05,9.079e-05,9.395e-05,9.395e-05,348438.0
2018-05-03 09:59:59,9.4e-05,9.531e-05,9.29e-05,9.501e-05,9.501e-05,222803.0
2018-05-03 10:59:59,9.501e-05,9.516e-05,9.301e-05,9.42e-05,9.42e-05,110613.0
2018-05-03 11:59:59,9.421e-05,9.792e-05,9.25e-05,9.713e-05,9.713e-05,464258.0
2018-05-03 12:59:59,9.713e-05,9.85e-05,9.501e-05,9.593e-05,9.593e-05,364237.0
2018-05-03 13:59:59,9.595e-05,9.642e-05,9.491e-05,9.491e-05,9.491e-05,84766.0
2018-05-03 14:59:59,9.499e-05,9.583e-05,8.91e-05,8.922e-05,8.922e-05,227659.0
2018-05-03 15:59:59,8.91e-05,9.125e-05,8.653e-05,9.12e-05,9.12e-05,341973.0
2018-05-03 16:59:59,9.097e-05,9.112e-05,8.818e-05,8.947e-05,8.947e-05,61552.0
2018-05-03 17:59:59,8.968e-05,9.036e-05,8.919e-05,8.919e-05,8.919e-05,68043.0
2018-05-03 18:59:59,8.985e-05,9.102e-05,8.957e-05,9.011e-05,9.011e-05,33785.0
2018-05-03 19:59:59,8.99e-05,9.002e-05,8.896e-05,8.896e-05,8.896e-05,28498.0
2018-05-03 20:59:59,8.925e-05,8.98e-05,8.77e-05,8.877e-05,8.877e-05,46095.0
2018-05-03 21:59:59,8.904e-05,9.238e-05,8.867e-05,9.172e-05,9.172e-05,130766.0
2018-05-03 22:59:59,9.18e-05,9.24e-05,9.115e-05,9.184e-05,9.184e-05,18041.0
2018-05-03 23:59:59,9.187e-05,9.28e-05,9.127e-05,9.258e-05,9.258e-05,26605.0
2018-05-04 00:59:59,9.258e-05,9.9e-05,9.235e-05,9.732e-05,9.732e-05,392468.0
2018-05-04 01:59:59,9.73e-05,9.91e-05,9.255e-05,9.28e-05,9.28e-05,308942.0
2018-05-04 02:59:59,9.28e-05,9.562e-05,9.28e-05,9.517e-05,9.517e-05,78372.0
2018-05-04 03:59:59,9.515e-05,9.517e-05,9.279e-05,9.368e-05,9.368e-05,55093.0
2018-05-04 04:59:59,9.357e-05,9.372e-05,9.155e-05,9.23e-05,9.23e-05,57532.0
2018-05-04 05:59:59,9.233e-05,9.301e-05,9.05e-05,9.17e-05,9.17e-05,107132.0
2018-05-04 06:59:59,9.17e-05,9.313e-05,9.14e-05,9.253e-05,9.253e-05,40362.0
2018-05-04 07:59:59,9.205e-05,9.371e-05,9.2e-05,9.32e-05,9.32e-05,26801.0
2018-05-04 08:59:59,9.319e-05,9.572e-05,9.319e-05,9.572e-05,9.572e-05,90343.0
2018-05-04 09:59:59,9.554e-05,9.65e-05,9.381e-05,9.423e-05,9.423e-05,160170.0
2018-05-04 10:59:59,9.423e-05,9.565e-05,9.423e-05,9.565e-05,9.565e-05,61106.0
2018-05-04 11:59:59,9.565e-05,9.85e-05,9.505e-05,9.71e-05,9.71e-05,201708.0
2018-05-04 12:59:59,9.706e-05,9.783e-05,9.401e-05,9.444e-05,9.444e-05,95695.0
2018-05-04 13:59:59,9.477e-05,9.619e-05,9.452e-05,9.616e-05,9.616e-05,69266.0
2018-05-04 14:59:59,9.61e-05,9.639e-05,9.425e-05,9.426e-05,9.426e-05,43320.0
2018-05-04 15:59:59,9.494e-05,9.573e-05,9.3e-05,9.399e-05,9.399e-05,69045.0
2018-05-04 16:59:59,9.399e-05,9.5e-05,9.102e-05,9.358e-05,9.358e-05,85691.0
2018-05-04 17:59:59,9.358e-05,9.522e-05,9.293e-05,9.47e-05,9.47e-05,44963.0
2018-05-04 18:59:59,9.474e-05,9.474e-05,9.201e-05,9.24e-05,9.24e-05,33153.0
2018-05-04 19:59:59,9.239e-05,9.366e-05,9.182e-05,9.304e-05,9.304e-05,28152.0
2018-05-04 20:59:59,9.305e-05,9.35e-05,9.205e-05,9.23e-05,9.23e-05,21834.0
2018-05-04 21:59:59,9.237e-05,9.634e-05,9.237e-05,9.408e-05,9.408e-05,68482.0
2018-05-04 22:59:59,9.445e-05,9.638e-05,9.445e-05,9.528e-05,9.528e-05,30208.0
2018-05-04 23:59:59,9.53e-05,9.638e-05,9.4e-05,9.428e-05,9.428e-05,52297.0
2018-05-05 00:59:59,9.425e-05,9.517e-05,9.258e-05,9.281e-05,9.281e-05,40514.0
2018-05-05 01:59:59,9.258e-05,9.333e-05,9.222e-05,9.29e-05,9.29e-05,56464.0
2018-05-05 02:59:59,9.3e-05,9.334e-05,9.252e-05,9.252e-05,9.252e-05,19377.0
2018-05-05 03:59:59,9.277e-05,9.344e-05,9.213e-05,9.282e-05,9.282e-05,21702.0
2018-05-05 04:59:59,9.28e-05,9.361e-05,9.252e-05,9.252e-05,9.252e-05,12392.0
2018-05-05 05:59:59,9.285e-05,9.321e-05,9.21e-05,9.272e-05,9.272e-05,14677.0
2018-05-05 06:59:59,9.284e-05,9.352e-05,9.262e-05,9.31e-05,9.31e-05,12065.0
2018-05-05 07:59:59,9.266e-05,9.309e-05,9.262e-05,9.262e-05,9.262e-05,24145.0
2018-05-05 08:59:59,9.262e-05,9.27e-05,9.211e-05,9.244e-05,9.244e-05,20297.0
2018-05-05 09:59:59,9.244e-05,9.345e-05,9.196e-05,9.226e-05,9.226e-05,36994.0
2018-05-05 10:59:59,9.225e-05,9.226e-05,9.066e-05,9.066e-05,9.066e-05,51097.0
2018-05-05 11:59:59,9.127e-05,9.173e-05,9.009e-05,9.046e-05,9.046e-05,45366.0
2018-05-05 12:59:59,9.01e-05,9.2e-05,8.997e-05,9.169e-05,9.169e-05,48656.0
2018-05-05 13:59:59,9.165e-05,9.223e-05,9.14e-05,9.202e-05,9.202e-05,35955.0
2018-05-05 14:59:59,9.175e-05,9.387e-05,9.119e-05,9.359e-05,9.359e-05,68708.0
2018-05-05 15:59:59,9.356e-05,9.386e-05,9.272e-05,9.367e-05,9.367e-05,29230.0
2018-05-05 16:59:59,9.35e-05,9.376e-05,9.288e-05,9.288e-05,9.288e-05,16523.0
2018-05-05 17:59:59,9.288e-05,9.347e-05,9.267e-05,9.27e-05,9.27e-05,15581.0
2018-05-05 18:59:59,9.278e-05,9.323e-05,9.244e-05,9.27e-05,9.27e-05,15815.0
2018-05-05 19:59:59,9.271e-05,9.3e-05,9.175e-05,9.223e-05,9.223e-05,18492.0
2018-05-05 20:59:59,9.223e-05,9.256e-05,9.183e-05,9.205e-05,9.205e-05,3275.0
2018-05-05 21:59:59,9.251e-05,9.284e-05,9.19e-05,9.227e-05,9.227e-05,5125.0
2018-05-05 22:59:59,9.229e-05,9.246e-05,9.134e-05,9.161e-05,9.161e-05,23773.0
2018-05-05 23:59:59,9.161e-05,9.217e-05,9.12e-05,9.123e-05,9.123e-05,17631.0
2018-05-06 00:59:59,9.123e-05,9.128e-05,9.053e-05,9.059e-05,9.059e-05,22880.0
2018-05-06 01:59:59,9.075e-05,9.119e-05,9.05e-05,9.051e-05,9.051e-05,14747.0
2018-05-06 02:59:59,9.051e-05,9.058e-05,8.8e-05,8.879e-05,8.879e-05,76243.0
2018-05-06 03:59:59,8.875e-05,8.916e-05,8.506e-05,8.757e-05,8.757e-05,88036.0
2018-05-06 04:59:59,8.815e-05,8.861e-05,8.603e-05,8.744e-05,8.744e-05,45500.0
2018-05-06 05:59:59,8.775e-05,8.8e-05,8.604e-05,8.651e-05,8.651e-05,30694.0
2018-05-06 06:59:59,8.651e-05,8.655e-05,8.371e-05,8.444e-05,8.444e-05,73946.0
2018-05-06 07:59:59,8.444e-05,8.723e-05,8.433e-05,8.716e-05,8.716e-05,44333.0
2018-05-06 08:59:59,8.676e-05,8.707e-05,8.59e-05,8.59e-05,8.59e-05,36061.0
2018-05-06 09:59:59,8.619e-05,8.665e-05,8.322e-05,8.416e-05,8.416e-05,63839.0
2018-05-06 10:59:59,8.416e-05,8.684e-05,8.3e-05,8.631e-05,8.631e-05,75982.0
2018-05-06 11:59:59,8.622e-05,8.774e-05,8.507e-05,8.656e-05,8.656e-05,30996.0
2018-05-06 12:59:59,8.63e-05,8.656e-05,8.411e-05,8.563e-05,8.563e-05,63876.0
2018-05-06 13:59:59,8.563e-05,8.762e-05,8.532e-05,8.738e-05,8.738e-05,33514.0
2018-05-06 14:59:59,8.728e-05,8.841e-05,8.715e-05,8.79e-05,8.79e-05,21775.0
2018-05-06 15:59:59,8.81e-05,8.869e-05,8.715e-05,8.755e-05,8.755e-05,24300.0
2018-05-06 16:59:59,8.746e-05,8.746e-05,8.602e-05,8.678e-05,8.678e-05,22429.0
2018-05-06 17:59:59,8.678e-05,8.685e-05,8.638e-05,8.684e-05,8.684e-05,8060.0
2018-05-06 18:59:59,8.682e-05,8.683e-05,8.542e-05,8.603e-05,8.603e-05,23755.0
2018-05-06 19:59:59,8.602e-05,8.602e-05,8.535e-05,8.578e-05,8.578e-05,12550.0
2018-05-06 20:59:59,8.577e-05,8.587e-05,8.475e-05,8.513e-05,8.513e-05,20966.0
2018-05-06 21:59:59,8.513e-05,8.564e-05,8.513e-05,8.517e-05,8.517e-05,6832.0
2018-05-06 22:59:59,8.518e-05,8.518e-05,8.415e-05,8.447e-05,8.447e-05,19066.0
2018-05-06 23:59:59,8.44e-05,8.452e-05,8.374e-05,8.375e-05,8.375e-05,54404.0
2018-05-07 00:59:59,8.376e-05,8.407e-05,8.374e-05,8.378e-05,8.378e-05,16323.0
2018-05-07 01:59:59,8.378e-05,8.428e-05,8.336e-05,8.35e-05,8.35e-05,50007.0
2018-05-07 02:59:59,8.35e-05,8.35e-05,8.166e-05,8.248e-05,8.248e-05,59466.0
2018-05-07 03:59:59,8.252e-05,8.278e-05,8.175e-05,8.255e-05,8.255e-05,15825.0
2018-05-07 04:59:59,8.255e-05,8.329e-05,8.255e-05,8.294e-05,8.294e-05,19656.0
2018-05-07 05:59:59,8.293e-05,8.294e-05,8.167e-05,8.257e-05,8.257e-05,24637.0
2018-05-07 06:59:59,8.257e-05,8.44e-05,8.201e-05,8.319e-05,8.319e-05,51509.0
2018-05-07 07:59:59,8.319e-05,8.44e-05,8.291e-05,8.41e-05,8.41e-05,24635.0
2018-05-07 08:59:59,8.409e-05,8.455e-05,8.344e-05,8.399e-05,8.399e-05,18103.0
2018-05-07 09:59:59,8.406e-05,8.446e-05,8.288e-05,8.36e-05,8.36e-05,42461.0
2018-05-07 10:59:59,8.363e-05,8.363e-05,8.253e-05,8.253e-05,8.253e-05,9013.0
2018-05-07 11:59:59,8.253e-05,8.4e-05,8.247e-05,8.295e-05,8.295e-05,22367.0
2018-05-07 12:59:59,8.284e-05,8.352e-05,8.269e-05,8.304e-05,8.304e-05,14701.0
2018-05-07 13:59:59,8.303e-05,8.34e-05,8.278e-05,8.318e-05,8.318e-05,16117.0
2018-05-07 14:59:59,8.318e-05,8.485e-05,8.291e-05,8.423e-05,8.423e-05,31964.0
2018-05-07 15:59:59,8.423e-05,8.588e-05,8.418e-05,8.538e-05,8.538e-05,35412.0
2018-05-07 16:59:59,8.538e-05,8.588e-05,8.5e-05,8.534e-05,8.534e-05,28919.0
2018-05-07 17:59:59,8.553e-05,8.588e-05,8.497e-05,8.579e-05,8.579e-05,24556.0
2018-05-07 18:59:59,8.574e-05,8.605e-05,8.49e-05,8.495e-05,8.495e-05,21658.0
2018-05-07 19:59:59,8.496e-05,8.562e-05,8.46e-05,8.492e-05,8.492e-05,28053.0
2018-05-07 20:59:59,8.492e-05,8.601e-05,8.46e-05,8.601e-05,8.601e-05,9739.0
2018-05-07 21:59:59,8.6e-05,8.62e-05,8.515e-05,8.549e-05,8.549e-05,11498.0
2018-05-07 22:59:59,8.539e-05,8.583e-05,8.459e-05,8.505e-05,8.505e-05,17477.0
2018-05-07 23:59:59,8.489e-05,8.576e-05,8.489e-05,8.52e-05,8.52e-05,9330.0
2018-05-08 00:59:59,8.52e-05,8.597e-05,8.501e-05,8.585e-05,8.585e-05,19323.0
2018-05-08 01:59:59,8.584e-05,8.6e-05,8.55e-05,8.6e-05,8.6e-05,29428.0
2018-05-08 02:59:59,8.6e-05,8.61e-05,8.492e-05,8.54e-05,8.54e-05,25795.0
2018-05-08 03:59:59,8.54e-05,8.54e-05,8.398e-05,8.398e-05,8.398e-05,19524.0
2018-05-08 04:59:59,8.4e-05,8.442e-05,8.378e-05,8.42e-05,8.42e-05,22335.0
2018-05-08 05:59:59,8.415e-05,8.44e-05,8.342e-05,8.371e-05,8.371e-05,36227.0
2018-05-08 06:59:59,8.371e-05,8.513e-05,8.18e-05,8.211e-05,8.211e-05,50938.0
2018-05-08 07:59:59,8.211e-05,8.315e-05,8.181e-05,8.271e-05,8.271e-05,27569.0
2018-05-08 08:59:59,8.271e-05,8.376e-05,8.271e-05,8.366e-05,8.366e-05,30740.0
2018-05-08 09:59:59,8.356e-05,8.533e-05,8.352e-05,8.499e-05,8.499e-05,65719.0
2018-05-08 10:59:59,8.482e-05,8.552e-05,8.477e-05,8.544e-05,8.544e-05,12135.0
2018-05-08 11:59:59,8.544e-05,8.55e-05,8.475e-05,8.497e-05,8.497e-05,27792.0
2018-05-08 12:59:59,8.5e-05,8.59e-05,8.476e-05,8.555e-05,8.555e-05,26188.0
2018-05-08 13:59:59,8.585e-05,9.3e-05,8.477e-05,8.92e-05,8.92e-05,388370.0
2018-05-08 14:59:59,8.92e-05,9.103e-05,8.702e-05,9.103e-05,9.103e-05,121228.0
2018-05-08 15:59:59,9.104e-05,9.15e-05,8.861e-05,9.027e-05,9.027e-05,108568.0
2018-05-08 16:59:59,9.027e-05,9.049e-05,8.743e-05,8.765e-05,8.765e-05,63172.0
2018-05-08 17:59:59,8.765e-05,8.88e-05,8.666e-05,8.761e-05,8.761e-05,49942.0
2018-05-08 18:59:59,8.761e-05,8.761e-05,8.563e-05,8.597e-05,8.597e-05,64730.0
2018-05-08 19:59:59,8.592e-05,8.675e-05,8.52e-05,8.548e-05,8.548e-05,41433.0
2018-05-08 20:59:59,8.548e-05,8.581e-05,8.453e-05,8.581e-05,8.581e-05,19211.0
2018-05-08 21:59:59,8.57e-05,8.6e-05,8.443e-05,8.453e-05,8.453e-05,29265.0
2018-05-08 22:59:59,8.453e-05,8.453e-05,8.284e-05,8.348e-05,8.348e-05,37238.0
2018-05-08 23:59:59,8.343e-05,8.443e-05,8.303e-05,8.318e-05,8.318e-05,58165.0
2018-05-09 00:59:59,8.3e-05,8.31e-05,8.15e-05,8.172e-05,8.172e-05,43364.0
2018-05-09 01:59:59,8.17e-05,8.171e-05,8.065e-05,8.148e-05,8.148e-05,31727.0
2018-05-09 02:59:59,8.151e-05,8.235e-05,8.151e-05,8.188e-05,8.188e-05,11591.0
2018-05-09 03:59:59,8.188e-05,8.241e-05,8.153e-05,8.24e-05,8.24e-05,20349.0
2018-05-09 04:59:59,8.204e-05,8.239e-05,8.1e-05,8.101e-05,8.101e-05,19218.0
2018-05-09 05:59:59,8.142e-05,8.274e-05,8.052e-05,8.243e-05,8.243e-05,17469.0
2018-05-09 06:59:59,8.244e-05,8.8e-05,8.223e-05,8.54e-05,8.54e-05,181748.0
2018-05-09 07:59:59,8.54e-05,8.546e-05,8.343e-05,8.385e-05,8.385e-05,44231.0
2018-05-09 08:59:59,8.398e-05,8.744e-05,8.384e-05,8.653e-05,8.653e-05,86695.0
2018-05-09 09:59:59,8.655e-05,8.827e-05,8.653e-05,8.782e-05,8.782e-05,40911.0
2018-05-09 10:59:59,8.77e-05,8.826e-05,8.655e-05,8.718e-05,8.718e-05,44888.0
2018-05-09 11:59:59,8.718e-05,8.781e-05,8.685e-05,8.75e-05,8.75e-05,17266.0
2018-05-09 12:59:59,8.75e-05,8.777e-05,8.421e-05,8.497e-05,8.497e-05,75493.0
2018-05-09 13:59:59,8.497e-05,8.552e-05,8.2e-05,8.424e-05,8.424e-05,72380.0
2018-05-09 14:59:59,8.453e-05,8.461e-05,8.423e-05,8.425e-05,8.425e-05,27342.0
2018-05-09 15:59:59,8.425e-05,8.451e-05,8.394e-05,8.421e-05,8.421e-05,15243.0
2018-05-09 16:59:59,8.421e-05,8.429e-05,8.336e-05,8.385e-05,8.385e-05,23279.0
2018-05-09 17:59:59,8.386e-05,8.445e-05,8.205e-05,8.257e-05,8.257e-05,34887.0
2018-05-09 18:59:59,8.257e-05,8.276e-05,8.151e-05,8.242e-05,8.242e-05,22145.0
2018-05-09 19:59:59,8.233e-05,8.241e-05,8.175e-05,8.199e-05,8.199e-05,14718.0
2018-05-09 20:59:59,8.199e-05,8.233e-05,8.1e-05,8.101e-05,8.101e-05,34864.0
2018-05-09 21:59:59,8.101e-05,8.457e-05,8.1e-05,8.161e-05,8.161e-05,47870.0
2018-05-09 22:59:59,8.161e-05,8.232e-05,8.035e-05,8.217e-05,8.217e-05,38142.0
2018-05-09 23:59:59,8.197e-05,8.9e-05,8e-05,8.487e-05,8.487e-05,278930.0
2018-05-10 00:59:59,8.487e-05,8.539e-05,8.089e-05,8.178e-05,8.178e-05,96507.0
2018-05-10 01:59:59,8.162e-05,8.205e-05,8.107e-05,8.173e-05,8.173e-05,26843.0
2018-05-10 02:59:59,8.176e-05,8.97e-05,8.173e-05,8.486e-05,8.486e-05,409522.0
2018-05-10 03:59:59,8.486e-05,8.759e-05,8.295e-05,8.325e-05,8.325e-05,224928.0
2018-05-10 04:59:59,8.352e-05,8.512e-05,8.269e-05,8.466e-05,8.466e-05,48522.0
2018-05-10 05:59:59,8.465e-05,8.677e-05,8.415e-05,8.672e-05,8.672e-05,98436.0
2018-05-10 06:59:59,8.672e-05,8.8e-05,8.607e-05,8.654e-05,8.654e-05,84462.0
2018-05-10 07:59:59,8.66e-05,9.201e-05,8.66e-05,8.957e-05,8.957e-05,596176.0
2018-05-10 08:59:59,8.965e-05,9.04e-05,8.81e-05,8.996e-05,8.996e-05,189513.0
2018-05-10 09:59:59,8.996e-05,8.998e-05,8.816e-05,8.835e-05,8.835e-05,140165.0
2018-05-10 10:59:59,8.834e-05,8.988e-05,8.724e-05,8.951e-05,8.951e-05,113010.0
2018-05-10 11:59:59,8.925e-05,8.955e-05,8.761e-05,8.789e-05,8.789e-05,66865.0
2018-05-10 12:59:59,8.79e-05,8.865e-05,8.736e-05,8.746e-05,8.746e-05,38308.0
2018-05-10 13:59:59,8.755e-05,8.817e-05,8.695e-05,8.735e-05,8.735e-05,20301.0
2018-05-10 14:59:59,8.753e-05,8.753e-05,8.342e-05,8.514e-05,8.514e-05,138380.0
2018-05-10 15:59:59,8.514e-05,8.551e-05,8.324e-05,8.324e-05,8.324e-05,45059.0
2018-05-10 16:59:59,8.36e-05,8.441e-05,8.303e-05,8.349e-05,8.349e-05,19008.0
2018-05-10 17:59:59,8.355e-05,8.379e-05,8.209e-05,8.289e-05,8.289e-05,21619.0
2018-05-10 18:59:59,8.304e-05,8.359e-05,8.206e-05,8.345e-05,8.345e-05,17838.0
2018-05-10 19:59:59,8.319e-05,8.466e-05,8.254e-05,8.271e-05,8.271e-05,26841.0
2018-05-10 20:59:59,8.255e-05,8.302e-05,8.202e-05,8.272e-05,8.272e-05,27589.0
2018-05-10 21:59:59,8.244e-05,8.449e-05,8.219e-05,8.362e-05,8.362e-05,44022.0
2018-05-10 22:59:59,8.362e-05,8.439e-05,8.262e-05,8.439e-05,8.439e-05,41814.0
2018-05-10 23:59:59,8.439e-05,8.55e-05,8.418e-05,8.478e-05,8.478e-05,37111.0
2018-05-11 00:59:59,8.492e-05,8.519e-05,8.383e-05,8.45e-05,8.45e-05,51298.0
2018-05-11 01:59:59,8.507e-05,8.516e-05,8.357e-05,8.374e-05,8.374e-05,76126.0
2018-05-11 02:59:59,8.356e-05,8.464e-05,8.29e-05,8.299e-05,8.299e-05,34204.0
2018-05-11 03:59:59,8.299e-05,8.355e-05,8.251e-05,8.259e-05,8.259e-05,45779.0
2018-05-11 04:59:59,8.258e-05,8.258e-05,7.147e-05,7.349e-05,7.349e-05,225786.0
2018-05-11 05:59:59,7.349e-05,8.076e-05,7.347e-05,7.995e-05,7.995e-05,105253.0
2018-05-11 06:59:59,7.995e-05,8.045e-05,7.95e-05,8.045e-05,8.045e-05,36977.0
2018-05-11 07:59:59,8.042e-05,8.066e-05,8.005e-05,8.045e-05,8.045e-05,33411.0
2018-05-11 08:59:59,8.045e-05,8.049e-05,7.936e-05,7.936e-05,7.936e-05,45164.0
2018-05-11 09:59:59,7.936e-05,7.95e-05,7.809e-05,7.857e-05,7.857e-05,76308.0
2018-05-11 10:59:59,7.832e-05,7.857e-05,7.703e-05,7.787e-05,7.787e-05,18889.0
2018-05-11 11:59:59,7.801e-05,7.855e-05,7.77e-05,7.855e-05,7.855e-05,23086.0
2018-05-11 12:59:59,7.855e-05,7.935e-05,7.806e-05,7.853e-05,7.853e-05,29420.0
2018-05-11 13:59:59,7.853e-05,7.985e-05,7.822e-05,7.951e-05,7.951e-05,19244.0
2018-05-11 14:59:59,7.951e-05,7.951e-05,7.806e-05,7.87e-05,7.87e-05,14293.0
2018-05-11 15:59:59,7.853e-05,8.1e-05,7.778e-05,7.939e-05,7.939e-05,51817.0
2018-05-11 16:59:59,7.941e-05,8.012e-05,7.897e-05,8.002e-05,8.002e-05,13680.0
2018-05-11 17:59:59,7.999e-05,8.012e-05,7.799e-05,7.933e-05,7.933e-05,40697.0
2018-05-11 18:59:59,7.908e-05,7.991e-05,7.859e-05,7.899e-05,7.899e-05,7728.0
2018-05-11 19:59:59,7.871e-05,8.012e-05,7.866e-05,7.961e-05,7.961e-05,20955.0
2018-05-11 20:59:59,7.997e-05,8.029e-05,7.918e-05,7.97e-05,7.97e-05,24779.0
2018-05-11 21:59:59,7.991e-05,8.001e-05,7.817e-05,7.951e-05,7.951e-05,20813.0
2018-05-11 22:59:59,7.951e-05,8.029e-05,7.882e-05,7.95e-05,7.95e-05,5093.0
2018-05-11 23:59:59,7.95e-05,7.966e-05,7.949e-05,7.966e-05,7.966e-05,566.0
2018-05-12 00:59:59,7.96e-05,8.029e-05,7.703e-05,7.755e-05,7.755e-05,38111.0
2018-05-12 01:59:59,7.756e-05,7.94e-05,7.712e-05,7.882e-05,7.882e-05,33725.0
2018-05-12 02:59:59,7.882e-05,7.919e-05,7.733e-05,7.769e-05,7.769e-05,5600.0
2018-05-12 03:59:59,7.769e-05,7.941e-05,7.684e-05,7.757e-05,7.757e-05,38848.0
2018-05-12 04:59:59,7.768e-05,7.781e-05,7.724e-05,7.76e-05,7.76e-05,24469.0
2018-05-12 05:59:59,7.76e-05,7.954e-05,7.756e-05,7.756e-05,7.756e-05,30143.0
2018-05-12 06:59:59,7.751e-05,7.98e-05,7.698e-05,7.881e-05,7.881e-05,92008.0
2018-05-12 07:59:59,7.88e-05,8e-05,7.835e-05,7.993e-05,7.993e-05,28760.0
2018-05-12 08:59:59,7.989e-05,8.022e-05,7.791e-05,7.845e-05,7.845e-05,68736.0
2018-05-12 09:59:59,7.845e-05,8.046e-05,7.845e-05,8.02e-05,8.02e-05,50018.0
2018-05-12 10:59:59,8.008e-05,8.04e-05,7.95e-05,7.996e-05,7.996e-05,66489.0
2018-05-12 11:59:59,7.998e-05,8.064e-05,7.905e-05,8.036e-05,8.036e-05,82564.0
2018-05-12 12:59:59,8.036e-05,8.036e-05,7.958e-05,8.014e-05,8.014e-05,9325.0
2018-05-12 13:59:59,8.014e-05,8.15e-05,7.917e-05,8.01e-05,8.01e-05,58417.0
2018-05-12 14:59:59,8.013e-05,8.27e-05,7.903e-05,8.157e-05,8.157e-05,88541.0
2018-05-12 15:59:59,8.127e-05,8.127e-05,7.815e-05,7.89e-05,7.89e-05,78931.0
2018-05-12 16:59:59,7.875e-05,7.891e-05,7.811e-05,7.876e-05,7.876e-05,12373.0
2018-05-12 17:59:59,7.876e-05,7.901e-05,7.844e-05,7.844e-05,7.844e-05,9019.0
2018-05-12 18:59:59,7.845e-05,7.909e-05,7.803e-05,7.845e-05,7.845e-05,12687.0
2018-05-12 19:59:59,7.844e-05,7.886e-05,7.813e-05,7.824e-05,7.824e-05,7391.0
2018-05-12 20:59:59,7.833e-05,7.904e-05,7.825e-05,7.904e-05,7.904e-05,24884.0
2018-05-12 21:59:59,7.9e-05,7.9e-05,7.822e-05,7.822e-05,7.822e-05,10001.0
2018-05-12 22:59:59,7.825e-05,7.863e-05,7.75e-05,7.8e-05,7.8e-05,25797.0
2018-05-12 23:59:59,7.815e-05,7.821e-05,7.758e-05,7.813e-05,7.813e-05,2715.0
2018-05-13 00:59:59,7.813e-05,7.917e-05,7.793e-05,7.847e-05,7.847e-05,12363.0
2018-05-13 01:59:59,7.848e-05,7.878e-05,7.811e-05,7.821e-05,7.821e-05,2194.0
2018-05-13 02:59:59,7.816e-05,7.863e-05,7.8e-05,7.839e-05,7.839e-05,2943.0
2018-05-13 03:59:59,7.863e-05,7.866e-05,7.839e-05,7.844e-05,7.844e-05,2692.0
2018-05-13 04:59:59,7.856e-05,7.865e-05,7.792e-05,7.829e-05,7.829e-05,6354.0
2018-05-13 05:59:59,7.828e-05,7.855e-05,7.775e-05,7.788e-05,7.788e-05,25655.0
2018-05-13 06:59:59,7.811e-05,7.864e-05,7.797e-05,7.864e-05,7.864e-05,21235.0
2018-05-13 07:59:59,7.867e-05,7.966e-05,7.864e-05,7.898e-05,7.898e-05,20295.0
2018-05-13 08:59:59,7.897e-05,7.947e-05,7.88e-05,7.931e-05,7.931e-05,4430.0
2018-05-13 09:59:59,7.931e-05,7.947e-05,7.871e-05,7.922e-05,7.922e-05,12356.0
2018-05-13 10:59:59,7.934e-05,8.004e-05,7.88e-05,7.933e-05,7.933e-05,22925.0
2018-05-13 11:59:59,7.924e-05,8.013e-05,7.913e-05,7.979e-05,7.979e-05,18232.0
2018-05-13 12:59:59,7.982e-05,8.047e-05,7.87e-05,7.986e-05,7.986e-05,47859.0
2018-05-13 13:59:59,7.98e-05,8.1e-05,7.94e-05,8.04e-05,8.04e-05,51431.0
2018-05-13 14:59:59,8.04e-05,8.089e-05,7.94e-05,7.993e-05,7.993e-05,30236.0
2018-05-13 15:59:59,7.975e-05,8.021e-05,7.941e-05,8.012e-05,8.012e-05,104906.0
2018-05-13 16:59:59,8.02e-05,8.024e-05,8.001e-05,8.003e-05,8.003e-05,25676.0
2018-05-13 17:59:59,8.002e-05,8.002e-05,7.87e-05,7.936e-05,7.936e-05,29861.0
2018-05-13 18:59:59,7.936e-05,7.988e-05,7.859e-05,7.947e-05,7.947e-05,63269.0
2018-05-13 19:59:59,7.936e-05,7.988e-05,7.919e-05,7.988e-05,7.988e-05,11898.0
2018-05-13 20:59:59,7.983e-05,8.072e-05,7.959e-05,8.012e-05,8.012e-05,25894.0
2018-05-13 21:59:59,8.012e-05,8.215e-05,7.987e-05,8.134e-05,8.134e-05,57401.0
2018-05-13 22:59:59,8.134e-05,8.169e-05,8.09e-05,8.14e-05,8.14e-05,8266.0
2018-05-13 23:59:59,8.158e-05,8.182e-05,8.065e-05,8.065e-05,8.065e-05,20428.0
2018-05-14 00:59:59,8.07e-05,8.092e-05,7.836e-05,7.906e-05,7.906e-05,25382.0
2018-05-14 01:59:59,7.909e-05,7.936e-05,7.786e-05,7.849e-05,7.849e-05,34761.0
2018-05-14 02:59:59,7.852e-05,7.893e-05,7.728e-05,7.842e-05,7.842e-05,24746.0
2018-05-14 03:59:59,7.839e-05,7.93e-05,7.826e-05,7.897e-05,7.897e-05,9095.0
2018-05-14 04:59:59,7.897e-05,7.927e-05,7.825e-05,7.861e-05,7.861e-05,15589.0
2018-05-14 05:59:59,7.864e-05,7.883e-05,7.85e-05,7.883e-05,7.883e-05,7621.0
2018-05-14 06:59:59,7.883e-05,7.94e-05,7.883e-05,7.888e-05,7.888e-05,9352.0
2018-05-14 07:59:59,7.9e-05,7.922e-05,7.862e-05,7.891e-05,7.891e-05,7796.0
2018-05-14 08:59:59,7.891e-05,7.935e-05,7.873e-05,7.928e-05,7.928e-05,5194.0
2018-05-14 09:59:59,7.911e-05,7.935e-05,7.829e-05,7.88e-05,7.88e-05,49559.0
2018-05-14 10:59:59,7.88e-05,7.94e-05,7.759e-05,7.92e-05,7.92e-05,50508.0
2018-05-14 11:59:59,7.92e-05,7.96e-05,7.92e-05,7.934e-05,7.934e-05,24816.0
2018-05-14 12:59:59,7.934e-05,8.028e-05,7.932e-05,7.977e-05,7.977e-05,83652.0
2018-05-14 13:59:59,7.977e-05,8.027e-05,7.973e-05,8.001e-05,8.001e-05,25648.0
2018-05-14 14:59:59,8.001e-05,8.079e-05,7.973e-05,7.999e-05,7.999e-05,56620.0
2018-05-14 15:59:59,7.994e-05,8.087e-05,7.95e-05,7.983e-05,7.983e-05,36515.0
2018-05-14 16:59:59,7.986e-05,7.999e-05,7.93e-05,7.93e-05,7.93e-05,16434.0
2018-05-14 17:59:59,7.938e-05,7.986e-05,7.928e-05,7.956e-05,7.956e-05,13295.0
2018-05-14 18:59:59,7.958e-05,7.958e-05,7.92e-05,7.934e-05,7.934e-05,12518.0
2018-05-14 19:59:59,7.921e-05,7.959e-05,7.92e-05,7.931e-05,7.931e-05,6653.0
2018-05-14 20:59:59,7.931e-05,7.931e-05,7.872e-05,7.903e-05,7.903e-05,24132.0
2018-05-14 21:59:59,7.903e-05,7.911e-05,7.866e-05,7.893e-05,7.893e-05,7162.0
2018-05-14 22:59:59,7.89e-05,7.893e-05,7.82e-05,7.87e-05,7.87e-05,17751.0
2018-05-14 23:59:59,7.87e-05,7.889e-05,7.87e-05,7.888e-05,7.888e-05,7386.0
2018-05-15 00:59:59,7.889e-05,7.897e-05,7.88e-05,7.88e-05,7.88e-05,11649.0
2018-05-15 01:59:59,7.88e-05,7.894e-05,7.866e-05,7.894e-05,7.894e-05,2351.0
2018-05-15 02:59:59,7.894e-05,7.894e-05,7.87e-05,7.878e-05,7.878e-05,6025.0
2018-05-15 03:59:59,7.866e-05,7.901e-05,7.85e-05,7.883e-05,7.883e-05,7607.0
2018-05-15 04:59:59,7.895e-05,8.014e-05,7.878e-05,8.005e-05,8.005e-05,47777.0
2018-05-15 05:59:59,8.014e-05,8.02e-05,7.9e-05,7.997e-05,7.997e-05,25466.0
2018-05-15 06:59:59,7.997e-05,8.052e-05,7.997e-05,8.032e-05,8.032e-05,18253.0
2018-05-15 07:59:59,8.047e-05,8.054e-05,7.998e-05,8.038e-05,8.038e-05,15232.0
2018-05-15 08:59:59,8.038e-05,8.049e-05,7.974e-05,7.985e-05,7.985e-05,10176.0
2018-05-15 09:59:59,7.985e-05,7.985e-05,7.935e-05,7.935e-05,7.935e-05,7243.0
2018-05-15 10:59:59,7.957e-05,7.984e-05,7.932e-05,7.965e-05,7.965e-05,4610.0
2018-05-15 11:59:59,7.965e-05,7.965e-05,7.8e-05,7.836e-05,7.836e-05,38024.0
2018-05-15 12:59:59,7.836e-05,7.874e-05,7.785e-05,7.874e-05,7.874e-05,22534.0
2018-05-15 13:59:59,7.874e-05,7.957e-05,7.874e-05,7.921e-05,7.921e-05,27956.0
2018-05-15 14:59:59,7.939e-05,7.951e-05,7.878e-05,7.9e-05,7.9e-05,19767.0
2018-05-15 15:59:59,7.904e-05,7.949e-05,7.874e-05,7.891e-05,7.891e-05,9501.0
2018-05-15 16:59:59,7.9e-05,7.93e-05,7.874e-05,7.874e-05,7.874e-05,8175.0
2018-05-15 17:59:59,7.873e-05,7.935e-05,7.873e-05,7.932e-05,7.932e-05,3113.0
2018-05-15 18:59:59,7.924e-05,7.932e-05,7.883e-05,7.9e-05,7.9e-05,5890.0
2018-05-15 19:59:59,7.896e-05,7.91e-05,7.816e-05,7.887e-05,7.887e-05,16938.0
2018-05-15 20:59:59,7.876e-05,7.888e-05,7.865e-05,7.888e-05,7.888e-05,7754.0
2018-05-15 21:59:59,7.9e-05,7.912e-05,7.676e-05,7.717e-05,7.717e-05,167502.0
2018-05-15 22:59:59,7.72e-05,7.72e-05,7.268e-05,7.464e-05,7.464e-05,157522.0
2018-05-15 23:59:59,7.467e-05,7.567e-05,7.299e-05,7.36e-05,7.36e-05,120018.0
2018-05-16 00:59:59,7.363e-05,7.484e-05,7.302e-05,7.48e-05,7.48e-05,314420.0
2018-05-16 01:59:59,7.476e-05,7.487e-05,7.42e-05,7.431e-05,7.431e-05,489854.0
2018-05-16 02:59:59,7.446e-05,7.465e-05,7.325e-05,7.374e-05,7.374e-05,340952.0
2018-05-16 03:59:59,7.374e-05,7.46e-05,7.37e-05,7.431e-05,7.431e-05,523424.0
2018-05-16 04:59:59,7.431e-05,7.628e-05,7.431e-05,7.432e-05,7.432e-05,351492.0
2018-05-16 05:59:59,7.441e-05,7.502e-05,7.441e-05,7.445e-05,7.445e-05,350991.0
2018-05-16 06:59:59,7.445e-05,7.586e-05,7.432e-05,7.586e-05,7.586e-05,401356.0
2018-05-16 07:59:59,7.536e-05,7.68e-05,7.535e-05,7.604e-05,7.604e-05,315589.0
2018-05-16 08:59:59,7.607e-05,7.659e-05,7.562e-05,7.639e-05,7.639e-05,342789.0
2018-05-16 09:59:59,7.645e-05,7.695e-05,7.63e-05,7.673e-05,7.673e-05,422794.0
2018-05-16 10:59:59,7.671e-05,7.673e-05,7.433e-05,7.439e-05,7.439e-05,322601.0
2018-05-16 11:59:59,7.44e-05,7.541e-05,7.424e-05,7.438e-05,7.438e-05,215236.0
2018-05-16 12:59:59,7.429e-05,7.568e-05,7.42e-05,7.503e-05,7.503e-05,459309.0
2018-05-16 13:59:59,7.506e-05,7.506e-05,7.215e-05,7.317e-05,7.317e-05,555129.0
2018-05-16 14:59:59,7.305e-05,7.38e-05,7.305e-05,7.349e-05,7.349e-05,278292.0
2018-05-16 15:59:59,7.347e-05,7.4e-05,7.309e-05,7.342e-05,7.342e-05,219591.0
2018-05-16 16:59:59,7.35e-05,7.392e-05,7.309e-05,7.338e-05,7.338e-05,286821.0
2018-05-16 17:59:59,7.337e-05,7.371e-05,7.331e-05,7.338e-05,7.338e-05,322677.0
2018-05-16 18:59:59,7.338e-05,7.338e-05,7.315e-05,7.327e-05,7.327e-05,382258.0
2018-05-16 19:59:59,7.327e-05,7.404e-05,7.321e-05,7.375e-05,7.375e-05,325714.0
2018-05-16 20:59:59,7.381e-05,7.413e-05,7.375e-05,7.397e-05,7.397e-05,539075.0
2018-05-16 21:59:59,7.413e-05,7.439e-05,7.376e-05,7.439e-05,7.439e-05,435505.0
2018-05-16 22:59:59,7.439e-05,7.663e-05,7.439e-05,7.592e-05,7.592e-05,388627.0
2018-05-16 23:59:59,7.592e-05,7.661e-05,7.57e-05,7.644e-05,7.644e-05,315444.0
2018-05-17 00:59:59,7.641e-05,7.645e-05,7.546e-05,7.639e-05,7.639e-05,167795.0
2018-05-17 01:59:59,7.645e-05,7.655e-05,7.573e-05,7.641e-05,7.641e-05,291843.0
2018-05-17 02:59:59,7.642e-05,7.646e-05,7.573e-05,7.596e-05,7.596e-05,373528.0
2018-05-17 03:59:59,7.597e-05,7.622e-05,7.569e-05,7.606e-05,7.606e-05,353581.0
2018-05-17 04:59:59,7.609e-05,7.617e-05,7.513e-05,7.547e-05,7.547e-05,448349.0
2018-05-17 05:59:59,7.547e-05,7.555e-05,7.523e-05,7.53e-05,7.53e-05,307620.0
2018-05-17 06:59:59,7.527e-05,7.57e-05,7.475e-05,7.507e-05,7.507e-05,299882.0
2018-05-17 07:59:59,7.524e-05,7.534e-05,7.422e-05,7.435e-05,7.435e-05,490371.0
2018-05-17 08:59:59,7.449e-05,7.471e-05,7.437e-05,7.44e-05,7.44e-05,424699.0
2018-05-17 09:59:59,7.44e-05,7.575e-05,7.375e-05,7.479e-05,7.479e-05,398891.0
2018-05-17 10:59:59,7.481e-05,7.532e-05,7.456e-05,7.517e-05,7.517e-05,303022.0
2018-05-17 11:59:59,7.509e-05,7.613e-05,7.506e-05,7.563e-05,7.563e-05,332879.0
2018-05-17 12:59:59,7.563e-05,7.618e-05,7.53e-05,7.594e-05,7.594e-05,368479.0
2018-05-17 13:59:59,7.584e-05,7.639e-05,7.541e-05,7.547e-05,7.547e-05,368912.0
2018-05-17 14:59:59,7.547e-05,7.756e-05,7.418e-05,7.452e-05,7.452e-05,495459.0
2018-05-17 15:59:59,7.451e-05,7.494e-05,7.413e-05,7.435e-05,7.435e-05,459121.0
2018-05-17 16:59:59,7.438e-05,7.506e-05,7.422e-05,7.438e-05,7.438e-05,292241.0
2018-05-17 17:59:59,7.488e-05,7.587e-05,7.452e-05,7.569e-05,7.569e-05,558578.0
2018-05-17 18:59:59,7.569e-05,7.569e-05,7.426e-05,7.488e-05,7.488e-05,345944.0
2018-05-17 19:59:59,7.488e-05,7.513e-05,7.413e-05,7.419e-05,7.419e-05,355303.0
2018-05-17 20:59:59,7.419e-05,7.436e-05,7.367e-05,7.367e-05,7.367e-05,370662.0
2018-05-17 21:59:59,7.371e-05,7.371e-05,7.27e-05,7.294e-05,7.294e-05,314651.0
